canonical_playlist_index	video_id	canonical_title	youtube_url	transcript_info_json	primary_transcript_vtt	legacy_id	legacy_sequence	legacy_title	curated_output
1	Jmk9VWv-0mY	Who Will Be Sealed? || I'd Like to Know	https://www.youtube.com/watch?v=Jmk9VWv-0mY	curation/transcripts/id-like-to-know/001-Jmk9VWv-0mY-Who Will Be Sealed？ ｜｜ I'd Like to Know.info.json	curation/transcripts/id-like-to-know/001-Jmk9VWv-0mY-Who Will Be Sealed？ ｜｜ I'd Like to Know.en-orig.vtt				
2	lbG11ljvnXQ	Do We Share in Others’ Sins? + Coals of Fire Explained || I'd Like to Know - Stephen Bohr	https://www.youtube.com/watch?v=lbG11ljvnXQ	curation/transcripts/id-like-to-know/002-lbG11ljvnXQ-Do We Share in Others’ Sins？ + Coals of Fire Explained ｜｜ I'd Like to Know - Stephen Bohr.info.json	curation/transcripts/id-like-to-know/002-lbG11ljvnXQ-Do We Share in Others’ Sins？ + Coals of Fire Explained ｜｜ I'd Like to Know - Stephen Bohr.en-orig.vtt				
3	owMOlURAnkc	The Mark of the Beast –Microchips & Biometric Systems || I'd Like to Know	https://www.youtube.com/watch?v=owMOlURAnkc	curation/transcripts/id-like-to-know/003-owMOlURAnkc-The Mark of the Beast –Microchips & Biometric Systems ｜｜ I'd Like to Know.info.json	curation/transcripts/id-like-to-know/003-owMOlURAnkc-The Mark of the Beast –Microchips & Biometric Systems ｜｜ I'd Like to Know.en-orig.vtt				
4	bywgTIr8XYg	Is Deception Ever Justified? || I'd Like to Know	https://www.youtube.com/watch?v=bywgTIr8XYg	curation/transcripts/id-like-to-know/004-bywgTIr8XYg-Is Deception Ever Justified？ ｜｜ I'd Like to Know.info.json	curation/transcripts/id-like-to-know/004-bywgTIr8XYg-Is Deception Ever Justified？ ｜｜ I'd Like to Know.en-orig.vtt				
5	QJwiUNYRjjs	How to Start Keeping the Sabbath + Tithing Questions Answered || I'd Like to Know	https://www.youtube.com/watch?v=QJwiUNYRjjs	curation/transcripts/id-like-to-know/005-QJwiUNYRjjs-How to Start Keeping the Sabbath + Tithing Questions Answered ｜｜ I'd Like to Know.info.json	curation/transcripts/id-like-to-know/005-QJwiUNYRjjs-How to Start Keeping the Sabbath + Tithing Questions Answered ｜｜ I'd Like to Know.en-orig.vtt				
6	pO-EvO-PtQU	Are Children Born Sinful? + Trumpets & Crocheting on Sabbath – is it work? || I'd Like to Know	https://www.youtube.com/watch?v=pO-EvO-PtQU	curation/transcripts/id-like-to-know/006-pO-EvO-PtQU-Are Children Born Sinful？ + Trumpets & Crocheting on Sabbath – is it work？ ｜｜ I'd Like to Know.info.json	curation/transcripts/id-like-to-know/006-pO-EvO-PtQU-Are Children Born Sinful？ + Trumpets & Crocheting on Sabbath – is it work？ ｜｜ I'd Like to Know.en-orig.vtt				
7	muPjEjcxlQo	The Torn Veil & Christ’s Two-Phase Ministry Explained || I'd Like to Know	https://www.youtube.com/watch?v=muPjEjcxlQo	curation/transcripts/id-like-to-know/007-muPjEjcxlQo-The Torn Veil & Christ’s Two-Phase Ministry Explained ｜｜ I'd Like to Know.info.json	curation/transcripts/id-like-to-know/007-muPjEjcxlQo-The Torn Veil & Christ’s Two-Phase Ministry Explained ｜｜ I'd Like to Know.en-orig.vtt				
8	KSm7PhwDAG0	Israel’s Lost Tribes + Why God Allowed War || I'd Like to Know	https://www.youtube.com/watch?v=KSm7PhwDAG0	curation/transcripts/id-like-to-know/008-KSm7PhwDAG0-Israel’s Lost Tribes + Why God Allowed War ｜｜ I'd Like to Know.info.json	curation/transcripts/id-like-to-know/008-KSm7PhwDAG0-Israel’s Lost Tribes + Why God Allowed War ｜｜ I'd Like to Know.en-orig.vtt				
9	Hq1aI5lHRB0	Is Self-Defense Sin? + Revelation 17:12 a Literal Time Prophecy?  || I'd Like to Know	https://www.youtube.com/watch?v=Hq1aI5lHRB0	curation/transcripts/id-like-to-know/009-Hq1aI5lHRB0-Is Self-Defense Sin？ + Revelation 17_12 a Literal Time Prophecy？  ｜｜ I'd Like to Know.info.json	curation/transcripts/id-like-to-know/009-Hq1aI5lHRB0-Is Self-Defense Sin？ + Revelation 17_12 a Literal Time Prophecy？  ｜｜ I'd Like to Know.en-orig.vtt				
10	-YZ7nx_9680	The Holy Spirit, Memory in Heaven & the Filioque Debate || I'd Like to Know  – Stephen Bohr	https://www.youtube.com/watch?v=-YZ7nx_9680	curation/transcripts/id-like-to-know/010--YZ7nx_9680-The Holy Spirit, Memory in Heaven & the Filioque Debate ｜｜ I'd Like to Know  – Stephen Bohr.info.json	curation/transcripts/id-like-to-know/010--YZ7nx_9680-The Holy Spirit, Memory in Heaven & the Filioque Debate ｜｜ I'd Like to Know  – Stephen Bohr.en-orig.vtt				
11	hBIInSOl4O0	Should Christians follow the Gregorian calendar? || I'd Like to Know	https://www.youtube.com/watch?v=hBIInSOl4O0	curation/transcripts/id-like-to-know/011-hBIInSOl4O0-Should Christians follow the Gregorian calendar？ ｜｜ I'd Like to Know.info.json	curation/transcripts/id-like-to-know/011-hBIInSOl4O0-Should Christians follow the Gregorian calendar？ ｜｜ I'd Like to Know.en-orig.vtt				
12	be_SqJIhdgI	Armageddon – Before or After the Millennium? || I'd Like to Know	https://www.youtube.com/watch?v=be_SqJIhdgI	curation/transcripts/id-like-to-know/012-be_SqJIhdgI-Armageddon – Before or After the Millennium？ ｜｜ I'd Like to Know.info.json	curation/transcripts/id-like-to-know/012-be_SqJIhdgI-Armageddon – Before or After the Millennium？ ｜｜ I'd Like to Know.en-orig.vtt				
13	Qnm2HGZAaYc	Is It Wrong to Show Affection in Church? How should we behave in church? || I'd Like to Know	https://www.youtube.com/watch?v=Qnm2HGZAaYc	curation/transcripts/id-like-to-know/013-Qnm2HGZAaYc-Is It Wrong to Show Affection in Church？ How should we behave in church？ ｜｜ I'd Like to Know.info.json	curation/transcripts/id-like-to-know/013-Qnm2HGZAaYc-Is It Wrong to Show Affection in Church？ How should we behave in church？ ｜｜ I'd Like to Know.en-orig.vtt				
14	cMX5npkphGc	Why did God allow slavery in Israel — especially of foreigners?  || I'd Like to Know	https://www.youtube.com/watch?v=cMX5npkphGc	curation/transcripts/id-like-to-know/014-cMX5npkphGc-Why did God allow slavery in Israel — especially of foreigners？  ｜｜ I'd Like to Know.info.json	curation/transcripts/id-like-to-know/014-cMX5npkphGc-Why did God allow slavery in Israel — especially of foreigners？  ｜｜ I'd Like to Know.en-orig.vtt				
15	bbKn-6UQprU	What Happens When We Die? + Is Ezekiel 9 for the End Times? | I'd Like to Know	https://www.youtube.com/watch?v=bbKn-6UQprU	curation/transcripts/id-like-to-know/015-bbKn-6UQprU-What Happens When We Die？ + Is Ezekiel 9 for the End Times？ ｜ I'd Like to Know.info.json	curation/transcripts/id-like-to-know/015-bbKn-6UQprU-What Happens When We Die？ + Is Ezekiel 9 for the End Times？ ｜ I'd Like to Know.en-orig.vtt				
16	h3AqwoQjDDE	Understanding Daniel & Revelation + What Did Jesus Mean in John 20:17? || I'd Like to Know	https://www.youtube.com/watch?v=h3AqwoQjDDE	curation/transcripts/id-like-to-know/016-h3AqwoQjDDE-Understanding Daniel & Revelation + What Did Jesus Mean in John 20_17？ ｜｜ I'd Like to Know.info.json	curation/transcripts/id-like-to-know/016-h3AqwoQjDDE-Understanding Daniel & Revelation + What Did Jesus Mean in John 20_17？ ｜｜ I'd Like to Know.en-orig.vtt				
17	6OvJhhEibrE	Still Called a Sinner? Synagogue of Satan EXPLAINED || I'd Like to Know	https://www.youtube.com/watch?v=6OvJhhEibrE	curation/transcripts/id-like-to-know/017-6OvJhhEibrE-Still Called a Sinner？ Synagogue of Satan EXPLAINED ｜｜ I'd Like to Know.info.json	curation/transcripts/id-like-to-know/017-6OvJhhEibrE-Still Called a Sinner？ Synagogue of Satan EXPLAINED ｜｜ I'd Like to Know.en-orig.vtt				
18	P29EjHsYZWM	Tithing Struggles in Marriage + What Does Revelation 17:10 Mean? || I'd Like to Know	https://www.youtube.com/watch?v=P29EjHsYZWM	curation/transcripts/id-like-to-know/018-P29EjHsYZWM-Tithing Struggles in Marriage + What Does Revelation 17_10 Mean？ ｜｜ I'd Like to Know.info.json	curation/transcripts/id-like-to-know/018-P29EjHsYZWM-Tithing Struggles in Marriage + What Does Revelation 17_10 Mean？ ｜｜ I'd Like to Know.en-orig.vtt				
19	HHch3UXNiMA	Are Church Manuals Replacing the Bible? || I'd Like to Know - Pastor Stephen Bohr	https://www.youtube.com/watch?v=HHch3UXNiMA	curation/transcripts/id-like-to-know/019-HHch3UXNiMA-Are Church Manuals Replacing the Bible？ ｜｜ I'd Like to Know - Pastor Stephen Bohr.info.json	curation/transcripts/id-like-to-know/019-HHch3UXNiMA-Are Church Manuals Replacing the Bible？ ｜｜ I'd Like to Know - Pastor Stephen Bohr.en-orig.vtt				
20	faYSNgCylTw	Did the Sun Standing Still Change the Sabbath? + Is Christ in the Bread? || I'd Like to Know	https://www.youtube.com/watch?v=faYSNgCylTw	curation/transcripts/id-like-to-know/020-faYSNgCylTw-Did the Sun Standing Still Change the Sabbath？ + Is Christ in the Bread？ ｜｜ I'd Like to Know.info.json	curation/transcripts/id-like-to-know/020-faYSNgCylTw-Did the Sun Standing Still Change the Sabbath？ + Is Christ in the Bread？ ｜｜ I'd Like to Know.en-orig.vtt				
21	za2dTYNRGbY	Buying & Selling in Revelation – Literal or Symbolic? || Bible Q&A Program with Pr Bohr	https://www.youtube.com/watch?v=za2dTYNRGbY	curation/transcripts/id-like-to-know/021-za2dTYNRGbY-Buying & Selling in Revelation – Literal or Symbolic？ ｜｜ Bible Q&A Program with Pr Bohr.info.json	curation/transcripts/id-like-to-know/021-za2dTYNRGbY-Buying & Selling in Revelation – Literal or Symbolic？ ｜｜ Bible Q&A Program with Pr Bohr.en-orig.vtt				
22	xLan0n2S-Uw	Daniel 8:14 – Why Not Antiochus? || I'd Like to Know	https://www.youtube.com/watch?v=xLan0n2S-Uw	curation/transcripts/id-like-to-know/022-xLan0n2S-Uw-Daniel 8_14 – Why Not Antiochus？ ｜｜ I'd Like to Know.info.json	curation/transcripts/id-like-to-know/022-xLan0n2S-Uw-Daniel 8_14 – Why Not Antiochus？ ｜｜ I'd Like to Know.en-orig.vtt				
23	R4zhQeFKtGY	Did the judgment begin in 1844? || I'd Like to Know - Pr Stephen Bohr	https://www.youtube.com/watch?v=R4zhQeFKtGY	curation/transcripts/id-like-to-know/023-R4zhQeFKtGY-Did the judgment begin in 1844？ ｜｜ I'd Like to Know - Pr Stephen Bohr.info.json	curation/transcripts/id-like-to-know/023-R4zhQeFKtGY-Did the judgment begin in 1844？ ｜｜ I'd Like to Know - Pr Stephen Bohr.en-orig.vtt				
24	Y_LlnwjlmNQ	Did God Allow “Strong Drink”? Deuteronomy 14:26 Explained || I'd Like to Know	https://www.youtube.com/watch?v=Y_LlnwjlmNQ	curation/transcripts/id-like-to-know/024-Y_LlnwjlmNQ-Did God Allow “Strong Drink”？ Deuteronomy 14_26 Explained ｜｜ I'd Like to Know.info.json	curation/transcripts/id-like-to-know/024-Y_LlnwjlmNQ-Did God Allow “Strong Drink”？ Deuteronomy 14_26 Explained ｜｜ I'd Like to Know.en-orig.vtt				
25	kpShLuFNCF4	Weddings on Sabbath? + The Year of Tithing? || I'd Like to Know	https://www.youtube.com/watch?v=kpShLuFNCF4	curation/transcripts/id-like-to-know/025-kpShLuFNCF4-Weddings on Sabbath？ + The Year of Tithing？ ｜｜ I'd Like to Know.info.json	curation/transcripts/id-like-to-know/025-kpShLuFNCF4-Weddings on Sabbath？ + The Year of Tithing？ ｜｜ I'd Like to Know.en-orig.vtt				
26	WE4S4n0iuvM	Can Anyone Baptize in an Emergency? What Law Brings a Curse? || I'd Like to Know - Pr Stephen Bohr	https://www.youtube.com/watch?v=WE4S4n0iuvM	curation/transcripts/id-like-to-know/026-WE4S4n0iuvM-Can Anyone Baptize in an Emergency？ What Law Brings a Curse？ ｜｜ I'd Like to Know - Pr Stephen Bohr.info.json	curation/transcripts/id-like-to-know/026-WE4S4n0iuvM-Can Anyone Baptize in an Emergency？ What Law Brings a Curse？ ｜｜ I'd Like to Know - Pr Stephen Bohr.en-orig.vtt				
27	tckX9LyO4Dk	Wedding Traditions Pagan? White Robes, Judgment & the Book of Life || I'd Like to Know, Pr Bohr	https://www.youtube.com/watch?v=tckX9LyO4Dk	curation/transcripts/id-like-to-know/027-tckX9LyO4Dk-Wedding Traditions Pagan？ White Robes, Judgment & the Book of Life ｜｜ I'd Like to Know, Pr Bohr.info.json	curation/transcripts/id-like-to-know/027-tckX9LyO4Dk-Wedding Traditions Pagan？ White Robes, Judgment & the Book of Life ｜｜ I'd Like to Know, Pr Bohr.en-orig.vtt				
28	qAxYX3uIlAA	France, the Papacy & the Seven Heads || I'd Like to Know - Pr Stephen Bohr	https://www.youtube.com/watch?v=qAxYX3uIlAA	curation/transcripts/id-like-to-know/028-qAxYX3uIlAA-France, the Papacy & the Seven Heads ｜｜ I'd Like to Know - Pr Stephen Bohr.info.json	curation/transcripts/id-like-to-know/028-qAxYX3uIlAA-France, the Papacy & the Seven Heads ｜｜ I'd Like to Know - Pr Stephen Bohr.en-orig.vtt				
29	x1-OIkarebI	Life Insurance & Adventists: What Ellen White Actually Meant | I'd Like to Know - Pr Stephen Bohr	https://www.youtube.com/watch?v=x1-OIkarebI	curation/transcripts/id-like-to-know/029-x1-OIkarebI-Life Insurance & Adventists： What Ellen White Actually Meant ｜ I'd Like to Know - Pr Stephen Bohr.info.json	curation/transcripts/id-like-to-know/029-x1-OIkarebI-Life Insurance & Adventists： What Ellen White Actually Meant ｜ I'd Like to Know - Pr Stephen Bohr.en-orig.vtt				
30	Db5aGWXb1zM	Are the 24 Elders Literal or Symbolic? || I'd Like to Know - Pastor Stephen Bohr	https://www.youtube.com/watch?v=Db5aGWXb1zM	curation/transcripts/id-like-to-know/030-Db5aGWXb1zM-Are the 24 Elders Literal or Symbolic？ ｜｜ I'd Like to Know - Pastor Stephen Bohr.info.json	curation/transcripts/id-like-to-know/030-Db5aGWXb1zM-Are the 24 Elders Literal or Symbolic？ ｜｜ I'd Like to Know - Pastor Stephen Bohr.en-orig.vtt	ilk-014	014	Are the 24 Elders Literal or Symbolic?	curation/curated/id-like-to-know/items/ilk-014.md
31	XS5m-YlnGgs	How to prove the 1844 judgment from Scripture alone? | I'd Like to Know - Pastor Stephen Bohr	https://www.youtube.com/watch?v=XS5m-YlnGgs	curation/transcripts/id-like-to-know/031-XS5m-YlnGgs-How to prove the 1844 judgment from Scripture alone？ ｜ I'd Like to Know - Pastor Stephen Bohr.info.json	curation/transcripts/id-like-to-know/031-XS5m-YlnGgs-How to prove the 1844 judgment from Scripture alone？ ｜ I'd Like to Know - Pastor Stephen Bohr.en-orig.vtt				
32	K9ZfzImcXaY	Holy Spirit or Sabbath?  Practical Prep for Little Time of Trouble? | I'd Like to Know	https://www.youtube.com/watch?v=K9ZfzImcXaY	curation/transcripts/id-like-to-know/032-K9ZfzImcXaY-Holy Spirit or Sabbath？  Practical Prep for Little Time of Trouble？ ｜ I'd Like to Know.info.json	curation/transcripts/id-like-to-know/032-K9ZfzImcXaY-Holy Spirit or Sabbath？  Practical Prep for Little Time of Trouble？ ｜ I'd Like to Know.en-orig.vtt				
33	xVH_mPr-IAU	Where Did Jesus Go After Ascension? || I'd Like to Know	https://www.youtube.com/watch?v=xVH_mPr-IAU	curation/transcripts/id-like-to-know/033-xVH_mPr-IAU-Where Did Jesus Go After Ascension？ ｜｜ I'd Like to Know.info.json	curation/transcripts/id-like-to-know/033-xVH_mPr-IAU-Where Did Jesus Go After Ascension？ ｜｜ I'd Like to Know.en-orig.vtt				
34	XN8Q5wILzJQ	Ceremonial Laws in the NT/ Wicked at the Resurrection – Same Bodies? || I'd Like to Know	https://www.youtube.com/watch?v=XN8Q5wILzJQ	curation/transcripts/id-like-to-know/034-XN8Q5wILzJQ-Ceremonial Laws in the NT⧸ Wicked at the Resurrection – Same Bodies？ ｜｜ I'd Like to Know.info.json	curation/transcripts/id-like-to-know/034-XN8Q5wILzJQ-Ceremonial Laws in the NT⧸ Wicked at the Resurrection – Same Bodies？ ｜｜ I'd Like to Know.en-orig.vtt				
35	P3B4o1Q_8jI	Must We Marry? Who Are the Anointed Ones? || I'd Like to Know - Pr Stephen Bohr	https://www.youtube.com/watch?v=P3B4o1Q_8jI	curation/transcripts/id-like-to-know/035-P3B4o1Q_8jI-Must We Marry？ Who Are the Anointed Ones？ ｜｜ I'd Like to Know - Pr Stephen Bohr.info.json	curation/transcripts/id-like-to-know/035-P3B4o1Q_8jI-Must We Marry？ Who Are the Anointed Ones？ ｜｜ I'd Like to Know - Pr Stephen Bohr.en-orig.vtt				
36	6REqBEkGrUw	Eucharistic Congress: A Sign of the Last Days? || I'd Like to Know - Pr Stephen Bohr	https://www.youtube.com/watch?v=6REqBEkGrUw	curation/transcripts/id-like-to-know/036-6REqBEkGrUw-Eucharistic Congress： A Sign of the Last Days？ ｜｜ I'd Like to Know - Pr Stephen Bohr.info.json	curation/transcripts/id-like-to-know/036-6REqBEkGrUw-Eucharistic Congress： A Sign of the Last Days？ ｜｜ I'd Like to Know - Pr Stephen Bohr.en-orig.vtt				
37	XmzisEZty4s	The Truth Behind “Spirit” in Luke 23:46 / Understanding Matthew 24: Key Questions | I'd Like to Know	https://www.youtube.com/watch?v=XmzisEZty4s	curation/transcripts/id-like-to-know/037-XmzisEZty4s-The Truth Behind “Spirit” in Luke 23_46 ⧸ Understanding Matthew 24： Key Questions ｜ I'd Like to Know.info.json	curation/transcripts/id-like-to-know/037-XmzisEZty4s-The Truth Behind “Spirit” in Luke 23_46 ⧸ Understanding Matthew 24： Key Questions ｜ I'd Like to Know.en-orig.vtt				
38	d3IRYSvQcrw	Are Prophets for Today? || I'd Like to Know with Pr. Stephen Bohr	https://www.youtube.com/watch?v=d3IRYSvQcrw	curation/transcripts/id-like-to-know/038-d3IRYSvQcrw-Are Prophets for Today？ ｜｜ I'd Like to Know with Pr. Stephen Bohr.info.json	curation/transcripts/id-like-to-know/038-d3IRYSvQcrw-Are Prophets for Today？ ｜｜ I'd Like to Know with Pr. Stephen Bohr.en-orig.vtt	ilk-012	012	Are Prophets for Today?	curation/curated/id-like-to-know/items/ilk-012.md
39	lEYg2gDVj04	Second Resurrection & Judgment: What Does Revelation 20 Really Say? || I'd Like to Know	https://www.youtube.com/watch?v=lEYg2gDVj04	curation/transcripts/id-like-to-know/039-lEYg2gDVj04-Second Resurrection & Judgment： What Does Revelation 20 Really Say？ ｜｜ I'd Like to Know.info.json	curation/transcripts/id-like-to-know/039-lEYg2gDVj04-Second Resurrection & Judgment： What Does Revelation 20 Really Say？ ｜｜ I'd Like to Know.en-orig.vtt				
40	fpX9PK3l9nU	State of the Dead, Godhead Appearances, and Cain’s True Origin || I'd Like to Know	https://www.youtube.com/watch?v=fpX9PK3l9nU	curation/transcripts/id-like-to-know/040-fpX9PK3l9nU-State of the Dead, Godhead Appearances, and Cain’s True Origin ｜｜ I'd Like to Know.info.json	curation/transcripts/id-like-to-know/040-fpX9PK3l9nU-State of the Dead, Godhead Appearances, and Cain’s True Origin ｜｜ I'd Like to Know.en-orig.vtt				
41	iq5qdwjClEM	Struggling with Sin / Is it unchristian to stop helping an irresponsible family? || I'd Like to Know	https://www.youtube.com/watch?v=iq5qdwjClEM	curation/transcripts/id-like-to-know/041-iq5qdwjClEM-Struggling with Sin ⧸ Is it unchristian to stop helping an irresponsible family？ ｜｜ I'd Like to Know.info.json	curation/transcripts/id-like-to-know/041-iq5qdwjClEM-Struggling with Sin ⧸ Is it unchristian to stop helping an irresponsible family？ ｜｜ I'd Like to Know.en-orig.vtt				
42	ssQyJgIc4tQ	Did William Miller Preach a Lie? Rejoice or Weep? How to Express Emotions? || I'd Like to Know	https://www.youtube.com/watch?v=ssQyJgIc4tQ	curation/transcripts/id-like-to-know/042-ssQyJgIc4tQ-Did William Miller Preach a Lie？ Rejoice or Weep？ How to Express Emotions？ ｜｜ I'd Like to Know.info.json	curation/transcripts/id-like-to-know/042-ssQyJgIc4tQ-Did William Miller Preach a Lie？ Rejoice or Weep？ How to Express Emotions？ ｜｜ I'd Like to Know.en-orig.vtt				
43	eo-kSN69Kwc	What the Bible Really Says About Angels, Demons, and Their Mission || I'd Like to Know	https://www.youtube.com/watch?v=eo-kSN69Kwc	curation/transcripts/id-like-to-know/043-eo-kSN69Kwc-What the Bible Really Says About Angels, Demons, and Their Mission ｜｜ I'd Like to Know.info.json	curation/transcripts/id-like-to-know/043-eo-kSN69Kwc-What the Bible Really Says About Angels, Demons, and Their Mission ｜｜ I'd Like to Know.en-orig.vtt				
44	e70i45qhXDM	What did Paul really mean in Ephesians 2:14–16?  || I'd Like to Know	https://www.youtube.com/watch?v=e70i45qhXDM	curation/transcripts/id-like-to-know/044-e70i45qhXDM-What did Paul really mean in Ephesians 2_14–16？  ｜｜ I'd Like to Know.info.json	curation/transcripts/id-like-to-know/044-e70i45qhXDM-What did Paul really mean in Ephesians 2_14–16？  ｜｜ I'd Like to Know.en-orig.vtt				
45	k3Vd4rXLgYU	Did God Call Jacob After Changing His Name? | I'd Like to Know	https://www.youtube.com/watch?v=k3Vd4rXLgYU	curation/transcripts/id-like-to-know/045-k3Vd4rXLgYU-Did God Call Jacob After Changing His Name？ ｜ I'd Like to Know.info.json	curation/transcripts/id-like-to-know/045-k3Vd4rXLgYU-Did God Call Jacob After Changing His Name？ ｜ I'd Like to Know.en-orig.vtt				
46	4mPmUFFTpWk	How Can I Truly Follow Jesus? || I'd Like to Know with Pr Stephen Bohr	https://www.youtube.com/watch?v=4mPmUFFTpWk	curation/transcripts/id-like-to-know/046-4mPmUFFTpWk-How Can I Truly Follow Jesus？ ｜｜ I'd Like to Know with Pr Stephen Bohr.info.json	curation/transcripts/id-like-to-know/046-4mPmUFFTpWk-How Can I Truly Follow Jesus？ ｜｜ I'd Like to Know with Pr Stephen Bohr.en-orig.vtt				
47	mijZFpBjbZY	How to Study the Bible? | I'd Like to Know with Pr Stephen Bohr	https://www.youtube.com/watch?v=mijZFpBjbZY	curation/transcripts/id-like-to-know/047-mijZFpBjbZY-How to Study the Bible？ ｜ I'd Like to Know with Pr Stephen Bohr.info.json	curation/transcripts/id-like-to-know/047-mijZFpBjbZY-How to Study the Bible？ ｜ I'd Like to Know with Pr Stephen Bohr.en-orig.vtt				
48	BDgxVgcdXzA	Did the Catholic Church Compile the Bible? | I'd Like to Know |	https://www.youtube.com/watch?v=BDgxVgcdXzA	curation/transcripts/id-like-to-know/048-BDgxVgcdXzA-Did the Catholic Church Compile the Bible？ ｜ I'd Like to Know ｜.info.json	curation/transcripts/id-like-to-know/048-BDgxVgcdXzA-Did the Catholic Church Compile the Bible？ ｜ I'd Like to Know ｜.en-orig.vtt				
49	v-hmR2v-wBQ	Is Last Generation Theology denying Christ's sacrifice? | I'd Like to Know	https://www.youtube.com/watch?v=v-hmR2v-wBQ	curation/transcripts/id-like-to-know/049-v-hmR2v-wBQ-Is Last Generation Theology denying Christ's sacrifice？ ｜ I'd Like to Know.info.json	curation/transcripts/id-like-to-know/049-v-hmR2v-wBQ-Is Last Generation Theology denying Christ's sacrifice？ ｜ I'd Like to Know.en-orig.vtt				
50	6LjOKbINnUY	Are We Taking Messianic Prophecies Out of Context? | I'd Like to Know with Pastor Stephen Bohr	https://www.youtube.com/watch?v=6LjOKbINnUY	curation/transcripts/id-like-to-know/050-6LjOKbINnUY-Are We Taking Messianic Prophecies Out of Context？ ｜ I'd Like to Know with Pastor Stephen Bohr.info.json	curation/transcripts/id-like-to-know/050-6LjOKbINnUY-Are We Taking Messianic Prophecies Out of Context？ ｜ I'd Like to Know with Pastor Stephen Bohr.en-orig.vtt	ilk-017	017	Are We Taking Messianic Prophecies Out of Context?	curation/curated/id-like-to-know/items/ilk-017.md
51	s3YQ7PoO9sg	William Miller Rejected the Truth… Will He Still Be Saved? || I'd Like to Know || Stephen Bohr	https://www.youtube.com/watch?v=s3YQ7PoO9sg	curation/transcripts/id-like-to-know/051-s3YQ7PoO9sg-William Miller Rejected the Truth… Will He Still Be Saved？ ｜｜ I'd Like to Know ｜｜ Stephen Bohr.info.json	curation/transcripts/id-like-to-know/051-s3YQ7PoO9sg-William Miller Rejected the Truth… Will He Still Be Saved？ ｜｜ I'd Like to Know ｜｜ Stephen Bohr.en-orig.vtt				
52	V58kwua2A3o	The Universality of Sin? Daily Devotionals Needed? || I'd Like to Know || Stephen Bohr	https://www.youtube.com/watch?v=V58kwua2A3o	curation/transcripts/id-like-to-know/052-V58kwua2A3o-The Universality of Sin？ Daily Devotionals Needed？ ｜｜ I'd Like to Know ｜｜ Stephen Bohr.info.json	curation/transcripts/id-like-to-know/052-V58kwua2A3o-The Universality of Sin？ Daily Devotionals Needed？ ｜｜ I'd Like to Know ｜｜ Stephen Bohr.en-orig.vtt				
53	5I9nHktBym8	John 5:21 — Who Raises the Dead? / "Sabbaton" in  Luke 24:1 || I'd Like to Know || Stephen Bohr	https://www.youtube.com/watch?v=5I9nHktBym8	curation/transcripts/id-like-to-know/053-5I9nHktBym8-John 5_21 — Who Raises the Dead？ ⧸ ＂Sabbaton＂ in  Luke 24_1 ｜｜ I'd Like to Know ｜｜ Stephen Bohr.info.json	curation/transcripts/id-like-to-know/053-5I9nHktBym8-John 5_21 — Who Raises the Dead？ ⧸ ＂Sabbaton＂ in  Luke 24_1 ｜｜ I'd Like to Know ｜｜ Stephen Bohr.en-orig.vtt				
54	uDDq7tke8tw	Justification in the Bible: Legal vs. Experiential Explained - Pr Stephen Bohr || I'd Like to Know	https://www.youtube.com/watch?v=uDDq7tke8tw	curation/transcripts/id-like-to-know/054-uDDq7tke8tw-Justification in the Bible： Legal vs. Experiential Explained - Pr Stephen Bohr ｜｜ I'd Like to Know.info.json	curation/transcripts/id-like-to-know/054-uDDq7tke8tw-Justification in the Bible： Legal vs. Experiential Explained - Pr Stephen Bohr ｜｜ I'd Like to Know.en-orig.vtt				
55	PRwkHuM8Xj8	Did God Create Evil? - Pastor Stephen Bohr | I'd Like to Know with | Stephen Bohr	https://www.youtube.com/watch?v=PRwkHuM8Xj8	curation/transcripts/id-like-to-know/055-PRwkHuM8Xj8-Did God Create Evil？ - Pastor Stephen Bohr ｜ I'd Like to Know with ｜ Stephen Bohr.info.json	curation/transcripts/id-like-to-know/055-PRwkHuM8Xj8-Did God Create Evil？ - Pastor Stephen Bohr ｜ I'd Like to Know with ｜ Stephen Bohr.en-orig.vtt				
56	G_ZHBJnir6k	Is It Wrong to Question God? 🤔 End Time Questions || I'd Like to Know	https://www.youtube.com/watch?v=G_ZHBJnir6k	curation/transcripts/id-like-to-know/056-G_ZHBJnir6k-Is It Wrong to Question God？ 🤔 End Time Questions ｜｜ I'd Like to Know.info.json	curation/transcripts/id-like-to-know/056-G_ZHBJnir6k-Is It Wrong to Question God？ 🤔 End Time Questions ｜｜ I'd Like to Know.en-orig.vtt				
57	dNIBnKWlXZc	Does the Bible Forbid Nature Photography on Sabbath? Worship in Spirit and Truth? | I'd Like to Know	https://www.youtube.com/watch?v=dNIBnKWlXZc	curation/transcripts/id-like-to-know/057-dNIBnKWlXZc-Does the Bible Forbid Nature Photography on Sabbath？ Worship in Spirit and Truth？ ｜ I'd Like to Know.info.json	curation/transcripts/id-like-to-know/057-dNIBnKWlXZc-Does the Bible Forbid Nature Photography on Sabbath？ Worship in Spirit and Truth？ ｜ I'd Like to Know.en-orig.vtt				
58	dwrrj1ri670	Will We Remember Our Life on Earth in Heaven? || I'd Like to Know	https://www.youtube.com/watch?v=dwrrj1ri670	curation/transcripts/id-like-to-know/058-dwrrj1ri670-Will We Remember Our Life on Earth in Heaven？ ｜｜ I'd Like to Know.info.json	curation/transcripts/id-like-to-know/058-dwrrj1ri670-Will We Remember Our Life on Earth in Heaven？ ｜｜ I'd Like to Know.en-orig.vtt				
59	pKNYWvTybDE	REVELATION 16 and 7—Angels, Churches, or Governments❓ Work in Heaven❓ || I'd Like to Know	https://www.youtube.com/watch?v=pKNYWvTybDE	curation/transcripts/id-like-to-know/059-pKNYWvTybDE-REVELATION 16 and 7—Angels, Churches, or Governments❓ Work in Heaven❓ ｜｜ I'd Like to Know.info.json	curation/transcripts/id-like-to-know/059-pKNYWvTybDE-REVELATION 16 and 7—Angels, Churches, or Governments❓ Work in Heaven❓ ｜｜ I'd Like to Know.en-orig.vtt				
60	mtPGjL-UYxw	Where Was Jesus After His Resurrection?/ No Oceans in the New Earth? || I'd Like to Know	https://www.youtube.com/watch?v=mtPGjL-UYxw	curation/transcripts/id-like-to-know/060-mtPGjL-UYxw-Where Was Jesus After His Resurrection？⧸ No Oceans in the New Earth？ ｜｜ I'd Like to Know.info.json	curation/transcripts/id-like-to-know/060-mtPGjL-UYxw-Where Was Jesus After His Resurrection？⧸ No Oceans in the New Earth？ ｜｜ I'd Like to Know.en-orig.vtt				
61	Isr2FsJe-mA	Euphrates dried up symbolic? Revelation 16:12:  EXPLAINED || I'd like to know	https://www.youtube.com/watch?v=Isr2FsJe-mA	curation/transcripts/id-like-to-know/061-Isr2FsJe-mA-Euphrates dried up symbolic？ Revelation 16_12：  EXPLAINED ｜｜ I'd like to know.info.json	curation/transcripts/id-like-to-know/061-Isr2FsJe-mA-Euphrates dried up symbolic？ Revelation 16_12：  EXPLAINED ｜｜ I'd like to know.en-orig.vtt				
62	YdJYKxsdgS4	ABORTION in extreme circumstances? || I'd like to know	https://www.youtube.com/watch?v=YdJYKxsdgS4	curation/transcripts/id-like-to-know/062-YdJYKxsdgS4-ABORTION in extreme circumstances？ ｜｜ I'd like to know.info.json	curation/transcripts/id-like-to-know/062-YdJYKxsdgS4-ABORTION in extreme circumstances？ ｜｜ I'd like to know.en-orig.vtt	ilk-006	006	ABORTION in extreme circumstances?	curation/curated/id-like-to-know/items/ilk-006.md
63	PYjLhwwGSFM	Hebrews 7:11-1 EXPLAINED / Does the Bible say Noah warned about the flood? || I'd Like to Know	https://www.youtube.com/watch?v=PYjLhwwGSFM	curation/transcripts/id-like-to-know/063-PYjLhwwGSFM-Hebrews 7_11-1 EXPLAINED ⧸ Does the Bible say Noah warned about the flood？ ｜｜ I'd Like to Know.info.json	curation/transcripts/id-like-to-know/063-PYjLhwwGSFM-Hebrews 7_11-1 EXPLAINED ⧸ Does the Bible say Noah warned about the flood？ ｜｜ I'd Like to Know.en-orig.vtt				
64	DUDsV_5xuhQ	Does the Holy Spirit work through angels? Why does God "harden" hearts? || I'd Like to Know	https://www.youtube.com/watch?v=DUDsV_5xuhQ	curation/transcripts/id-like-to-know/064-DUDsV_5xuhQ-Does the Holy Spirit work through angels？ Why does God ＂harden＂ hearts？ ｜｜ I'd Like to Know.info.json	curation/transcripts/id-like-to-know/064-DUDsV_5xuhQ-Does the Holy Spirit work through angels？ Why does God ＂harden＂ hearts？ ｜｜ I'd Like to Know.en-orig.vtt				
65	cwiNEFBbXT0	Why is God seen as male? / Zechariah 13:6-7 EXPLAINED || I'd Like to Know	https://www.youtube.com/watch?v=cwiNEFBbXT0	curation/transcripts/id-like-to-know/065-cwiNEFBbXT0-Why is God seen as male？ ⧸ Zechariah 13_6-7 EXPLAINED ｜｜ I'd Like to Know.info.json	curation/transcripts/id-like-to-know/065-cwiNEFBbXT0-Why is God seen as male？ ⧸ Zechariah 13_6-7 EXPLAINED ｜｜ I'd Like to Know.en-orig.vtt				
66	76dlAUsesUA	The Great Multitude and the 144,000: EXPLAINED || I'd Like to Know	https://www.youtube.com/watch?v=76dlAUsesUA	curation/transcripts/id-like-to-know/066-76dlAUsesUA-The Great Multitude and the 144,000： EXPLAINED ｜｜ I'd Like to Know.info.json	curation/transcripts/id-like-to-know/066-76dlAUsesUA-The Great Multitude and the 144,000： EXPLAINED ｜｜ I'd Like to Know.en-orig.vtt				
67	jiQ1PAPrquk	What Does the Bible Say About Our Spirit? God's Spirit vs. Breath of Life? || I'd Like to Know	https://www.youtube.com/watch?v=jiQ1PAPrquk	curation/transcripts/id-like-to-know/067-jiQ1PAPrquk-What Does the Bible Say About Our Spirit？ God's Spirit vs. Breath of Life？ ｜｜ I'd Like to Know.info.json	curation/transcripts/id-like-to-know/067-jiQ1PAPrquk-What Does the Bible Say About Our Spirit？ God's Spirit vs. Breath of Life？ ｜｜ I'd Like to Know.en-orig.vtt				
68	uo19yCsrVTg	The Sabbath Before Creation? Who Are the "Saints" in Jude 1:14? || I'd Like to Know	https://www.youtube.com/watch?v=uo19yCsrVTg	curation/transcripts/id-like-to-know/068-uo19yCsrVTg-The Sabbath Before Creation？ Who Are the ＂Saints＂ in Jude 1_14？ ｜｜ I'd Like to Know.info.json	curation/transcripts/id-like-to-know/068-uo19yCsrVTg-The Sabbath Before Creation？ Who Are the ＂Saints＂ in Jude 1_14？ ｜｜ I'd Like to Know.en-orig.vtt				
69	mneCZav5Yes	Special vs. First Resurrection Explained || I'd Like to Know	https://www.youtube.com/watch?v=mneCZav5Yes	curation/transcripts/id-like-to-know/069-mneCZav5Yes-Special vs. First Resurrection Explained ｜｜ I'd Like to Know.info.json	curation/transcripts/id-like-to-know/069-mneCZav5Yes-Special vs. First Resurrection Explained ｜｜ I'd Like to Know.en-orig.vtt				
70	DWqtEgGBjgY	STEPHANOS: The crown of victory? The Differences Between Diadema and Stephanos || I'd Like to Know	https://www.youtube.com/watch?v=DWqtEgGBjgY	curation/transcripts/id-like-to-know/070-DWqtEgGBjgY-STEPHANOS： The crown of victory？ The Differences Between Diadema and Stephanos ｜｜ I'd Like to Know.info.json	curation/transcripts/id-like-to-know/070-DWqtEgGBjgY-STEPHANOS： The crown of victory？ The Differences Between Diadema and Stephanos ｜｜ I'd Like to Know.en-orig.vtt				
71	PoTDj18j6GU	2300 Year Prophecy? || I'd Like to Know	https://www.youtube.com/watch?v=PoTDj18j6GU	curation/transcripts/id-like-to-know/071-PoTDj18j6GU-2300 Year Prophecy？ ｜｜ I'd Like to Know.info.json	curation/transcripts/id-like-to-know/071-PoTDj18j6GU-2300 Year Prophecy？ ｜｜ I'd Like to Know.en-orig.vtt	ilk-001	001	2300 Year Prophecy?	curation/curated/id-like-to-know/items/ilk-001.md
72	WnS68hNqR94	Sabbath DEATH PENALTY? || I'd Like to Know?	https://www.youtube.com/watch?v=WnS68hNqR94	curation/transcripts/id-like-to-know/072-WnS68hNqR94-Sabbath DEATH PENALTY？ ｜｜ I'd Like to Know？.info.json	curation/transcripts/id-like-to-know/072-WnS68hNqR94-Sabbath DEATH PENALTY？ ｜｜ I'd Like to Know？.en-orig.vtt				
73	t66U6nEAHE0	Dealing with CHURCH MEMBERS? || I'd Like to Know	https://www.youtube.com/watch?v=t66U6nEAHE0	curation/transcripts/id-like-to-know/073-t66U6nEAHE0-Dealing with CHURCH MEMBERS？ ｜｜ I'd Like to Know.info.json	curation/transcripts/id-like-to-know/073-t66U6nEAHE0-Dealing with CHURCH MEMBERS？ ｜｜ I'd Like to Know.en-orig.vtt				
74	LUfm9EhCEAI	🤔  NO BEACH FOR CHRISTIANS?  || I'd Like to Know	https://www.youtube.com/watch?v=LUfm9EhCEAI	curation/transcripts/id-like-to-know/074-LUfm9EhCEAI-🤔  NO BEACH FOR CHRISTIANS？  ｜｜ I'd Like to Know.info.json	curation/transcripts/id-like-to-know/074-LUfm9EhCEAI-🤔  NO BEACH FOR CHRISTIANS？  ｜｜ I'd Like to Know.en-orig.vtt				
75	kdK5go0GIlg	HOW WAS ADAM THE IMAGE OF GOD? ¿Should Adventists Cast Demons? || I'd Like to Know?	https://www.youtube.com/watch?v=kdK5go0GIlg	curation/transcripts/id-like-to-know/075-kdK5go0GIlg-HOW WAS ADAM THE IMAGE OF GOD？ ¿Should Adventists Cast Demons？ ｜｜ I'd Like to Know？.info.json	curation/transcripts/id-like-to-know/075-kdK5go0GIlg-HOW WAS ADAM THE IMAGE OF GOD？ ¿Should Adventists Cast Demons？ ｜｜ I'd Like to Know？.en-orig.vtt				
76	wCr38lE8I30	THE INVESTIGATIVE JUDGEMENT & SALVATION  || I'd Like to Know	https://www.youtube.com/watch?v=wCr38lE8I30	curation/transcripts/id-like-to-know/076-wCr38lE8I30-THE INVESTIGATIVE JUDGEMENT & SALVATION  ｜｜ I'd Like to Know.info.json	curation/transcripts/id-like-to-know/076-wCr38lE8I30-THE INVESTIGATIVE JUDGEMENT & SALVATION  ｜｜ I'd Like to Know.en-orig.vtt				
77	bfDyrd-KDGE	THE SABBATH and Colossians 2:16,17 / An argument against the SABBATH?  || I'd Like to Know	https://www.youtube.com/watch?v=bfDyrd-KDGE	curation/transcripts/id-like-to-know/077-bfDyrd-KDGE-THE SABBATH and Colossians 2_16,17 ⧸ An argument against the SABBATH？  ｜｜ I'd Like to Know.info.json	curation/transcripts/id-like-to-know/077-bfDyrd-KDGE-THE SABBATH and Colossians 2_16,17 ⧸ An argument against the SABBATH？  ｜｜ I'd Like to Know.en-orig.vtt				
78	kGLL9yAMxQg	Ellen G. White: ARE ALL HER WRITINGS INSPIRED? || I'd Like to Know	https://www.youtube.com/watch?v=kGLL9yAMxQg	curation/transcripts/id-like-to-know/078-kGLL9yAMxQg-Ellen G. White： ARE ALL HER WRITINGS INSPIRED？ ｜｜ I'd Like to Know.info.json	curation/transcripts/id-like-to-know/078-kGLL9yAMxQg-Ellen G. White： ARE ALL HER WRITINGS INSPIRED？ ｜｜ I'd Like to Know.en-orig.vtt				
79	qLBqbOhiTKI	Angelic Heredity Possible?  || I'd Like to Know	https://www.youtube.com/watch?v=qLBqbOhiTKI	curation/transcripts/id-like-to-know/079-qLBqbOhiTKI-Angelic Heredity Possible？  ｜｜ I'd Like to Know.info.json	curation/transcripts/id-like-to-know/079-qLBqbOhiTKI-Angelic Heredity Possible？  ｜｜ I'd Like to Know.en-orig.vtt	ilk-009	009	Angelic Heredity Possible?	curation/curated/id-like-to-know/items/ilk-009.md
80	qgpP1QLqBCU	Mary's LINEAGE MISSING? || I'd Like to Know	https://www.youtube.com/watch?v=qgpP1QLqBCU	curation/transcripts/id-like-to-know/080-qgpP1QLqBCU-Mary's LINEAGE MISSING？ ｜｜ I'd Like to Know.info.json	curation/transcripts/id-like-to-know/080-qgpP1QLqBCU-Mary's LINEAGE MISSING？ ｜｜ I'd Like to Know.en-orig.vtt				
81	w2z3bZqOl0c	IS THE SABBATH UNIVERSAL? || I'd Like to Know	https://www.youtube.com/watch?v=w2z3bZqOl0c	curation/transcripts/id-like-to-know/081-w2z3bZqOl0c-IS THE SABBATH UNIVERSAL？ ｜｜ I'd Like to Know.info.json	curation/transcripts/id-like-to-know/081-w2z3bZqOl0c-IS THE SABBATH UNIVERSAL？ ｜｜ I'd Like to Know.en-orig.vtt				
82	D7IwtbgmU90	What happened in 1888? || I'd Like to Know?	https://www.youtube.com/watch?v=D7IwtbgmU90	curation/transcripts/id-like-to-know/082-D7IwtbgmU90-What happened in 1888？ ｜｜ I'd Like to Know？.info.json	curation/transcripts/id-like-to-know/082-D7IwtbgmU90-What happened in 1888？ ｜｜ I'd Like to Know？.en-orig.vtt				
83	TtoQmVSd0Tg	They Saw God? || I'd Like to Know?	https://www.youtube.com/watch?v=TtoQmVSd0Tg	curation/transcripts/id-like-to-know/083-TtoQmVSd0Tg-They Saw God？ ｜｜ I'd Like to Know？.info.json	curation/transcripts/id-like-to-know/083-TtoQmVSd0Tg-They Saw God？ ｜｜ I'd Like to Know？.en-orig.vtt				
84	793BAEl4Z7A	Only Vegetarians in Heaven? || I'd Like to Know?	https://www.youtube.com/watch?v=793BAEl4Z7A	curation/transcripts/id-like-to-know/084-793BAEl4Z7A-Only Vegetarians in Heaven？ ｜｜ I'd Like to Know？.info.json	curation/transcripts/id-like-to-know/084-793BAEl4Z7A-Only Vegetarians in Heaven？ ｜｜ I'd Like to Know？.en-orig.vtt				
85	NZv1Qq74V94	Withholding Tithe? || I'd Like to Know?	https://www.youtube.com/watch?v=NZv1Qq74V94	curation/transcripts/id-like-to-know/085-NZv1Qq74V94-Withholding Tithe？ ｜｜ I'd Like to Know？.info.json	curation/transcripts/id-like-to-know/085-NZv1Qq74V94-Withholding Tithe？ ｜｜ I'd Like to Know？.en-orig.vtt				
86	qgnJEfsvJ_A	Historical Facts Explained? || I'd Like to Know?	https://www.youtube.com/watch?v=qgnJEfsvJ_A	curation/transcripts/id-like-to-know/086-qgnJEfsvJ_A-Historical Facts Explained？ ｜｜ I'd Like to Know？.info.json	curation/transcripts/id-like-to-know/086-qgnJEfsvJ_A-Historical Facts Explained？ ｜｜ I'd Like to Know？.en-orig.vtt				
87	faidV5wm9HU	Financial Stewardship? || I'd Like to Know?	https://www.youtube.com/watch?v=faidV5wm9HU	curation/transcripts/id-like-to-know/087-faidV5wm9HU-Financial Stewardship？ ｜｜ I'd Like to Know？.info.json	curation/transcripts/id-like-to-know/087-faidV5wm9HU-Financial Stewardship？ ｜｜ I'd Like to Know？.en-orig.vtt				
88	LKbhsoIuxTs	Ark of the Covenant Lost? || I'd Like to Know?	https://www.youtube.com/watch?v=LKbhsoIuxTs	curation/transcripts/id-like-to-know/088-LKbhsoIuxTs-Ark of the Covenant Lost？ ｜｜ I'd Like to Know？.info.json	curation/transcripts/id-like-to-know/088-LKbhsoIuxTs-Ark of the Covenant Lost？ ｜｜ I'd Like to Know？.en-orig.vtt	ilk-018	018	Ark of the Covenant Lost?	curation/curated/id-like-to-know/items/ilk-018.md
89	147ltKm2k_Y	666 and USA? || I'd Like to Know?	https://www.youtube.com/watch?v=147ltKm2k_Y	curation/transcripts/id-like-to-know/089-147ltKm2k_Y-666 and USA？ ｜｜ I'd Like to Know？.info.json	curation/transcripts/id-like-to-know/089-147ltKm2k_Y-666 and USA？ ｜｜ I'd Like to Know？.en-orig.vtt	ilk-002	002	666 and USA?	curation/curated/id-like-to-know/items/ilk-002.md
90	bZXhQCO3N54	God Hardens Hearts? || I'd Like to Know?	https://www.youtube.com/watch?v=bZXhQCO3N54	curation/transcripts/id-like-to-know/090-bZXhQCO3N54-God Hardens Hearts？ ｜｜ I'd Like to Know？.info.json	curation/transcripts/id-like-to-know/090-bZXhQCO3N54-God Hardens Hearts？ ｜｜ I'd Like to Know？.en-orig.vtt				
91	6xmPiCU-53g	Tithing for Hidden Agendas? || I'd Like to Know?	https://www.youtube.com/watch?v=6xmPiCU-53g	curation/transcripts/id-like-to-know/091-6xmPiCU-53g-Tithing for Hidden Agendas？ ｜｜ I'd Like to Know？.info.json	curation/transcripts/id-like-to-know/091-6xmPiCU-53g-Tithing for Hidden Agendas？ ｜｜ I'd Like to Know？.en-orig.vtt				
92	oXtvPu57iUU	Working on Sabbath? || I'd Like to Know?	https://www.youtube.com/watch?v=oXtvPu57iUU	curation/transcripts/id-like-to-know/092-oXtvPu57iUU-Working on Sabbath？ ｜｜ I'd Like to Know？.info.json	curation/transcripts/id-like-to-know/092-oXtvPu57iUU-Working on Sabbath？ ｜｜ I'd Like to Know？.en-orig.vtt				
93	3oTRPiZMbac	Keys to Heaven? || I'd Like to Know?	https://www.youtube.com/watch?v=3oTRPiZMbac	curation/transcripts/id-like-to-know/093-3oTRPiZMbac-Keys to Heaven？ ｜｜ I'd Like to Know？.info.json	curation/transcripts/id-like-to-know/093-3oTRPiZMbac-Keys to Heaven？ ｜｜ I'd Like to Know？.en-orig.vtt				
94	JtSfT1711Ek	God's Killing Orders Justified? || I’d Like to Know?	https://www.youtube.com/watch?v=JtSfT1711Ek	curation/transcripts/id-like-to-know/094-JtSfT1711Ek-God's Killing Orders Justified？ ｜｜ I’d Like to Know？.info.json	curation/transcripts/id-like-to-know/094-JtSfT1711Ek-God's Killing Orders Justified？ ｜｜ I’d Like to Know？.en-orig.vtt				
95	pum984t3CYU	Cross Dressing: Is It Sinful? || I’d Like to Know?	https://www.youtube.com/watch?v=pum984t3CYU	curation/transcripts/id-like-to-know/095-pum984t3CYU-Cross Dressing： Is It Sinful？ ｜｜ I’d Like to Know？.info.json	curation/transcripts/id-like-to-know/095-pum984t3CYU-Cross Dressing： Is It Sinful？ ｜｜ I’d Like to Know？.en-orig.vtt				
96	g9ZlZVsVeX4	Work vs Parenting? || I'd Like to Know?	https://www.youtube.com/watch?v=g9ZlZVsVeX4	curation/transcripts/id-like-to-know/096-g9ZlZVsVeX4-Work vs Parenting？ ｜｜ I'd Like to Know？.info.json	curation/transcripts/id-like-to-know/096-g9ZlZVsVeX4-Work vs Parenting？ ｜｜ I'd Like to Know？.en-orig.vtt				
97	aHX4BskaLuY	Jewish Nation and Jesus? || I’d Like to Know?	https://www.youtube.com/watch?v=aHX4BskaLuY	curation/transcripts/id-like-to-know/097-aHX4BskaLuY-Jewish Nation and Jesus？ ｜｜ I’d Like to Know？.info.json	curation/transcripts/id-like-to-know/097-aHX4BskaLuY-Jewish Nation and Jesus？ ｜｜ I’d Like to Know？.en-orig.vtt				
98	L67GGB0Qhh0	Is KJV Reliable? || I’d Like to Know?	https://www.youtube.com/watch?v=L67GGB0Qhh0	curation/transcripts/id-like-to-know/098-L67GGB0Qhh0-Is KJV Reliable？ ｜｜ I’d Like to Know？.info.json	curation/transcripts/id-like-to-know/098-L67GGB0Qhh0-Is KJV Reliable？ ｜｜ I’d Like to Know？.en-orig.vtt				
99	4GPi9EKGGlE	Christianity Keeping People in Poverty? || I’d Like to Know?	https://www.youtube.com/watch?v=4GPi9EKGGlE	curation/transcripts/id-like-to-know/099-4GPi9EKGGlE-Christianity Keeping People in Poverty？ ｜｜ I’d Like to Know？.info.json	curation/transcripts/id-like-to-know/099-4GPi9EKGGlE-Christianity Keeping People in Poverty？ ｜｜ I’d Like to Know？.en-orig.vtt				
100	7qV1WYotpjk	Possible to Live Sinless? || I’d Like to Know	https://www.youtube.com/watch?v=7qV1WYotpjk	curation/transcripts/id-like-to-know/100-7qV1WYotpjk-Possible to Live Sinless？ ｜｜ I’d Like to Know.info.json	curation/transcripts/id-like-to-know/100-7qV1WYotpjk-Possible to Live Sinless？ ｜｜ I’d Like to Know.en-orig.vtt				
101	EBe1yQNlurM	Serving God with Disabilities? || I’d Like to Know	https://www.youtube.com/watch?v=EBe1yQNlurM	curation/transcripts/id-like-to-know/101-EBe1yQNlurM-Serving God with Disabilities？ ｜｜ I’d Like to Know.info.json	curation/transcripts/id-like-to-know/101-EBe1yQNlurM-Serving God with Disabilities？ ｜｜ I’d Like to Know.en-orig.vtt				
102	CbLp1gmZ95o	New Church in The Last Days? || I’d Like to Know	https://www.youtube.com/watch?v=CbLp1gmZ95o	curation/transcripts/id-like-to-know/102-CbLp1gmZ95o-New Church in The Last Days？ ｜｜ I’d Like to Know.info.json	curation/transcripts/id-like-to-know/102-CbLp1gmZ95o-New Church in The Last Days？ ｜｜ I’d Like to Know.en-orig.vtt				
103	G1NbXwWXfmo	Unclean on the Sabbath? || I’d Like to Know	https://www.youtube.com/watch?v=G1NbXwWXfmo	curation/transcripts/id-like-to-know/103-G1NbXwWXfmo-Unclean on the Sabbath？ ｜｜ I’d Like to Know.info.json	curation/transcripts/id-like-to-know/103-G1NbXwWXfmo-Unclean on the Sabbath？ ｜｜ I’d Like to Know.en-orig.vtt				
104	NmZMAf1QBmk	Can Tithe Be Used for Retirement? || I’d Like to Know	https://www.youtube.com/watch?v=NmZMAf1QBmk	curation/transcripts/id-like-to-know/104-NmZMAf1QBmk-Can Tithe Be Used for Retirement？ ｜｜ I’d Like to Know.info.json	curation/transcripts/id-like-to-know/104-NmZMAf1QBmk-Can Tithe Be Used for Retirement？ ｜｜ I’d Like to Know.en-orig.vtt				
105	q357EQCrDZo	I'm Not Living the Baptized Life? || I’d Like to Know	https://www.youtube.com/watch?v=q357EQCrDZo	curation/transcripts/id-like-to-know/105-q357EQCrDZo-I'm Not Living the Baptized Life？ ｜｜ I’d Like to Know.info.json	curation/transcripts/id-like-to-know/105-q357EQCrDZo-I'm Not Living the Baptized Life？ ｜｜ I’d Like to Know.en-orig.vtt				
106	aQW8bRKA9qc	Making Money on Sabbath? || I’d Like to Know	https://www.youtube.com/watch?v=aQW8bRKA9qc	curation/transcripts/id-like-to-know/106-aQW8bRKA9qc-Making Money on Sabbath？ ｜｜ I’d Like to Know.info.json	curation/transcripts/id-like-to-know/106-aQW8bRKA9qc-Making Money on Sabbath？ ｜｜ I’d Like to Know.en-orig.vtt				
107	cPjeLXQoPxo	Is Satan Immortal? || I’d Like to Know	https://www.youtube.com/watch?v=cPjeLXQoPxo	curation/transcripts/id-like-to-know/107-cPjeLXQoPxo-Is Satan Immortal？ ｜｜ I’d Like to Know.info.json	curation/transcripts/id-like-to-know/107-cPjeLXQoPxo-Is Satan Immortal？ ｜｜ I’d Like to Know.en-orig.vtt				
108	4QnTcOeFYs0	Do I Tithe Borrowed Money? || I’d Like to Know	https://www.youtube.com/watch?v=4QnTcOeFYs0	curation/transcripts/id-like-to-know/108-4QnTcOeFYs0-Do I Tithe Borrowed Money？ ｜｜ I’d Like to Know.info.json	curation/transcripts/id-like-to-know/108-4QnTcOeFYs0-Do I Tithe Borrowed Money？ ｜｜ I’d Like to Know.en-orig.vtt				
109	HWaS-FU4NPU	Was Jesus Created? || I’d Like to Know	https://www.youtube.com/watch?v=HWaS-FU4NPU	curation/transcripts/id-like-to-know/109-HWaS-FU4NPU-Was Jesus Created？ ｜｜ I’d Like to Know.info.json	curation/transcripts/id-like-to-know/109-HWaS-FU4NPU-Was Jesus Created？ ｜｜ I’d Like to Know.en-orig.vtt				
110	2z9TXPBuDoY	Was Jesus Tolerant? || I’d Like to Know	https://www.youtube.com/watch?v=2z9TXPBuDoY	curation/transcripts/id-like-to-know/110-2z9TXPBuDoY-Was Jesus Tolerant？ ｜｜ I’d Like to Know.info.json	curation/transcripts/id-like-to-know/110-2z9TXPBuDoY-Was Jesus Tolerant？ ｜｜ I’d Like to Know.en-orig.vtt				
111	UPwyuLSrNS0	Body, Soul, and Spirit? || I’d Like to Know	https://www.youtube.com/watch?v=UPwyuLSrNS0	curation/transcripts/id-like-to-know/111-UPwyuLSrNS0-Body, Soul, and Spirit？ ｜｜ I’d Like to Know.info.json	curation/transcripts/id-like-to-know/111-UPwyuLSrNS0-Body, Soul, and Spirit？ ｜｜ I’d Like to Know.en-orig.vtt	ilk-024	024	Body, Soul, and Spirit?	curation/curated/id-like-to-know/items/ilk-024.md
112	oPLtReJGF54	Will Atheists Be Saved?  || I’d Like to Know	https://www.youtube.com/watch?v=oPLtReJGF54	curation/transcripts/id-like-to-know/112-oPLtReJGF54-Will Atheists Be Saved？  ｜｜ I’d Like to Know.info.json	curation/transcripts/id-like-to-know/112-oPLtReJGF54-Will Atheists Be Saved？  ｜｜ I’d Like to Know.en-orig.vtt				
113	OtQkavbbvDQ	Disregarding Biblical Principles?  || I’d Like to Know	https://www.youtube.com/watch?v=OtQkavbbvDQ	curation/transcripts/id-like-to-know/113-OtQkavbbvDQ-Disregarding Biblical Principles？  ｜｜ I’d Like to Know.info.json	curation/transcripts/id-like-to-know/113-OtQkavbbvDQ-Disregarding Biblical Principles？  ｜｜ I’d Like to Know.en-orig.vtt				
114	GZX0_2-CxZQ	Violating The Sabbath With Exercise? || I’d Like to Know	https://www.youtube.com/watch?v=GZX0_2-CxZQ	curation/transcripts/id-like-to-know/114-GZX0_2-CxZQ-Violating The Sabbath With Exercise？ ｜｜ I’d Like to Know.info.json	curation/transcripts/id-like-to-know/114-GZX0_2-CxZQ-Violating The Sabbath With Exercise？ ｜｜ I’d Like to Know.en-orig.vtt				
115	JDTB1_Vp7I0	Sacrificial Murder is Okay? || I’d Like to Know	https://www.youtube.com/watch?v=JDTB1_Vp7I0	curation/transcripts/id-like-to-know/115-JDTB1_Vp7I0-Sacrificial Murder is Okay？ ｜｜ I’d Like to Know.info.json	curation/transcripts/id-like-to-know/115-JDTB1_Vp7I0-Sacrificial Murder is Okay？ ｜｜ I’d Like to Know.en-orig.vtt				
116	kMQ68_P4PSM	Lucifer's Rank in Heaven? || I’d Like to Know	https://www.youtube.com/watch?v=kMQ68_P4PSM	curation/transcripts/id-like-to-know/116-kMQ68_P4PSM-Lucifer's Rank in Heaven？ ｜｜ I’d Like to Know.info.json	curation/transcripts/id-like-to-know/116-kMQ68_P4PSM-Lucifer's Rank in Heaven？ ｜｜ I’d Like to Know.en-orig.vtt				
117	h31OQA5PplE	Are Sabbath Games Okay? || I’d Like to Know	https://www.youtube.com/watch?v=h31OQA5PplE	curation/transcripts/id-like-to-know/117-h31OQA5PplE-Are Sabbath Games Okay？ ｜｜ I’d Like to Know.info.json	curation/transcripts/id-like-to-know/117-h31OQA5PplE-Are Sabbath Games Okay？ ｜｜ I’d Like to Know.en-orig.vtt	ilk-013	013	Are Sabbath Games Okay?	curation/curated/id-like-to-know/items/ilk-013.md
118	NBsoclPxjTM	Is Fasting Bad? || I’d Like to Know	https://www.youtube.com/watch?v=NBsoclPxjTM	curation/transcripts/id-like-to-know/118-NBsoclPxjTM-Is Fasting Bad？ ｜｜ I’d Like to Know.info.json	curation/transcripts/id-like-to-know/118-NBsoclPxjTM-Is Fasting Bad？ ｜｜ I’d Like to Know.en-orig.vtt				
119	p8jbvLYgtZE	Baptism in the Sea of Glass? || I’d Like to Know	https://www.youtube.com/watch?v=p8jbvLYgtZE	curation/transcripts/id-like-to-know/119-p8jbvLYgtZE-Baptism in the Sea of Glass？ ｜｜ I’d Like to Know.info.json	curation/transcripts/id-like-to-know/119-p8jbvLYgtZE-Baptism in the Sea of Glass？ ｜｜ I’d Like to Know.en-orig.vtt	ilk-020	020	Baptism in the Sea of Glass?	curation/curated/id-like-to-know/items/ilk-020.md
120	bw8lGC3xXjI	Perfection is Not Enough? || I’d Like to Know	https://www.youtube.com/watch?v=bw8lGC3xXjI	curation/transcripts/id-like-to-know/120-bw8lGC3xXjI-Perfection is Not Enough？ ｜｜ I’d Like to Know.info.json	curation/transcripts/id-like-to-know/120-bw8lGC3xXjI-Perfection is Not Enough？ ｜｜ I’d Like to Know.en-orig.vtt				
121	tWmnUk_FZWY	Jesus Forever Human? || I’d Like to Know	https://www.youtube.com/watch?v=tWmnUk_FZWY	curation/transcripts/id-like-to-know/121-tWmnUk_FZWY-Jesus Forever Human？ ｜｜ I’d Like to Know.info.json	curation/transcripts/id-like-to-know/121-tWmnUk_FZWY-Jesus Forever Human？ ｜｜ I’d Like to Know.en-orig.vtt				
122	Q0VdTyxXxdU	No Guns for Christians? || I’d Like to Know	https://www.youtube.com/watch?v=Q0VdTyxXxdU	curation/transcripts/id-like-to-know/122-Q0VdTyxXxdU-No Guns for Christians？ ｜｜ I’d Like to Know.info.json	curation/transcripts/id-like-to-know/122-Q0VdTyxXxdU-No Guns for Christians？ ｜｜ I’d Like to Know.en-orig.vtt				
123	CQS2Bo_1nfY	Dancing Displeasing to God? || I’d Like to Know	https://www.youtube.com/watch?v=CQS2Bo_1nfY	curation/transcripts/id-like-to-know/123-CQS2Bo_1nfY-Dancing Displeasing to God？ ｜｜ I’d Like to Know.info.json	curation/transcripts/id-like-to-know/123-CQS2Bo_1nfY-Dancing Displeasing to God？ ｜｜ I’d Like to Know.en-orig.vtt				
124	01I0ejDHQ5o	No Weddings on Sabbath? || I’d Like to Know	https://www.youtube.com/watch?v=01I0ejDHQ5o	curation/transcripts/id-like-to-know/124-01I0ejDHQ5o-No Weddings on Sabbath？ ｜｜ I’d Like to Know.info.json	curation/transcripts/id-like-to-know/124-01I0ejDHQ5o-No Weddings on Sabbath？ ｜｜ I’d Like to Know.en-orig.vtt				
125	u0ceICcQM7k	Wine isn't a Salvational Issue? || I’d Like to Know	https://www.youtube.com/watch?v=u0ceICcQM7k	curation/transcripts/id-like-to-know/125-u0ceICcQM7k-Wine isn't a Salvational Issue？ ｜｜ I’d Like to Know.info.json	curation/transcripts/id-like-to-know/125-u0ceICcQM7k-Wine isn't a Salvational Issue？ ｜｜ I’d Like to Know.en-orig.vtt				
126	4hRZaVj2-4c	No Marriage in Heaven? || I’d Like to Know	https://www.youtube.com/watch?v=4hRZaVj2-4c	curation/transcripts/id-like-to-know/126-4hRZaVj2-4c-No Marriage in Heaven？ ｜｜ I’d Like to Know.info.json	curation/transcripts/id-like-to-know/126-4hRZaVj2-4c-No Marriage in Heaven？ ｜｜ I’d Like to Know.en-orig.vtt				
127	S0MTK2hzQ_g	The Lost Still Being Punished? || I’d Like to Know	https://www.youtube.com/watch?v=S0MTK2hzQ_g	curation/transcripts/id-like-to-know/127-S0MTK2hzQ_g-The Lost Still Being Punished？ ｜｜ I’d Like to Know.info.json	curation/transcripts/id-like-to-know/127-S0MTK2hzQ_g-The Lost Still Being Punished？ ｜｜ I’d Like to Know.en-orig.vtt				
128	PI925GCuxOw	Allowed to Procrastinate? || I’d Like to Know	https://www.youtube.com/watch?v=PI925GCuxOw	curation/transcripts/id-like-to-know/128-PI925GCuxOw-Allowed to Procrastinate？ ｜｜ I’d Like to Know.info.json	curation/transcripts/id-like-to-know/128-PI925GCuxOw-Allowed to Procrastinate？ ｜｜ I’d Like to Know.en-orig.vtt	ilk-008	008	Allowed to Procrastinate?	curation/curated/id-like-to-know/items/ilk-008.md
129	bSsol9LTP9k	Farmers on Sabbath? || I’d Like to Know	https://www.youtube.com/watch?v=bSsol9LTP9k	curation/transcripts/id-like-to-know/129-bSsol9LTP9k-Farmers on Sabbath？ ｜｜ I’d Like to Know.info.json	curation/transcripts/id-like-to-know/129-bSsol9LTP9k-Farmers on Sabbath？ ｜｜ I’d Like to Know.en-orig.vtt				
130	QVyxlk6txts	The Temple Still Exists? || I’d Like to Know	https://www.youtube.com/watch?v=QVyxlk6txts	curation/transcripts/id-like-to-know/130-QVyxlk6txts-The Temple Still Exists？ ｜｜ I’d Like to Know.info.json	curation/transcripts/id-like-to-know/130-QVyxlk6txts-The Temple Still Exists？ ｜｜ I’d Like to Know.en-orig.vtt				
131	s8S30Dt1Gas	Jesus the Only Way? || I’d Like to Know	https://www.youtube.com/watch?v=s8S30Dt1Gas	curation/transcripts/id-like-to-know/131-s8S30Dt1Gas-Jesus the Only Way？ ｜｜ I’d Like to Know.info.json	curation/transcripts/id-like-to-know/131-s8S30Dt1Gas-Jesus the Only Way？ ｜｜ I’d Like to Know.en-orig.vtt				
132	X4gKDmOPfyA	Unforgivable Sins? || I’d Like to Know	https://www.youtube.com/watch?v=X4gKDmOPfyA	curation/transcripts/id-like-to-know/132-X4gKDmOPfyA-Unforgivable Sins？ ｜｜ I’d Like to Know.info.json	curation/transcripts/id-like-to-know/132-X4gKDmOPfyA-Unforgivable Sins？ ｜｜ I’d Like to Know.en-orig.vtt				
133	S3KypE55Drw	God Leaves You Alone? || I’d Like to Know	https://www.youtube.com/watch?v=S3KypE55Drw	curation/transcripts/id-like-to-know/133-S3KypE55Drw-God Leaves You Alone？ ｜｜ I’d Like to Know.info.json	curation/transcripts/id-like-to-know/133-S3KypE55Drw-God Leaves You Alone？ ｜｜ I’d Like to Know.en-orig.vtt				
134	v_zaqRZwj58	Evolution Evidence in the Bible? || I’d Like to Know	https://www.youtube.com/watch?v=v_zaqRZwj58	curation/transcripts/id-like-to-know/134-v_zaqRZwj58-Evolution Evidence in the Bible？ ｜｜ I’d Like to Know.info.json	curation/transcripts/id-like-to-know/134-v_zaqRZwj58-Evolution Evidence in the Bible？ ｜｜ I’d Like to Know.en-orig.vtt				
135	dEyoIRBdBPw	Babies not going to Heaven? || I’d Like to Know	https://www.youtube.com/watch?v=dEyoIRBdBPw	curation/transcripts/id-like-to-know/135-dEyoIRBdBPw-Babies not going to Heaven？ ｜｜ I’d Like to Know.info.json	curation/transcripts/id-like-to-know/135-dEyoIRBdBPw-Babies not going to Heaven？ ｜｜ I’d Like to Know.en-orig.vtt	ilk-019	019	Babies not going to Heaven?	curation/curated/id-like-to-know/items/ilk-019.md
136	S21uO1LhXTU	Ellen White and the Bible? || I’d Like to Know	https://www.youtube.com/watch?v=S21uO1LhXTU	curation/transcripts/id-like-to-know/136-S21uO1LhXTU-Ellen White and the Bible？ ｜｜ I’d Like to Know.info.json	curation/transcripts/id-like-to-know/136-S21uO1LhXTU-Ellen White and the Bible？ ｜｜ I’d Like to Know.en-orig.vtt				
137	7k2Fo6kmmpY	Not Allowed to Donate Organs? || I’d Like to Know	https://www.youtube.com/watch?v=7k2Fo6kmmpY	curation/transcripts/id-like-to-know/137-7k2Fo6kmmpY-Not Allowed to Donate Organs？ ｜｜ I’d Like to Know.info.json	curation/transcripts/id-like-to-know/137-7k2Fo6kmmpY-Not Allowed to Donate Organs？ ｜｜ I’d Like to Know.en-orig.vtt				
138	doGKHwDxfdI	Not Dying for your Sins? || I’d Like to Know	https://www.youtube.com/watch?v=doGKHwDxfdI	curation/transcripts/id-like-to-know/138-doGKHwDxfdI-Not Dying for your Sins？ ｜｜ I’d Like to Know.info.json	curation/transcripts/id-like-to-know/138-doGKHwDxfdI-Not Dying for your Sins？ ｜｜ I’d Like to Know.en-orig.vtt				
139	5RSN4P40N_M	Spiritualism with Christianity? || I’d Like to Know	https://www.youtube.com/watch?v=5RSN4P40N_M	curation/transcripts/id-like-to-know/139-5RSN4P40N_M-Spiritualism with Christianity？ ｜｜ I’d Like to Know.info.json	curation/transcripts/id-like-to-know/139-5RSN4P40N_M-Spiritualism with Christianity？ ｜｜ I’d Like to Know.en-orig.vtt				
140	fIvIAbckTGc	Was Jesus an SDA? || I’d Like to Know	https://www.youtube.com/watch?v=fIvIAbckTGc	curation/transcripts/id-like-to-know/140-fIvIAbckTGc-Was Jesus an SDA？ ｜｜ I’d Like to Know.info.json	curation/transcripts/id-like-to-know/140-fIvIAbckTGc-Was Jesus an SDA？ ｜｜ I’d Like to Know.en-orig.vtt				
141	K5aBeF0x-ik	Abuse on Women in the Old Testament? || I’d Like to Know	https://www.youtube.com/watch?v=K5aBeF0x-ik	curation/transcripts/id-like-to-know/141-K5aBeF0x-ik-Abuse on Women in the Old Testament？ ｜｜ I’d Like to Know.info.json	curation/transcripts/id-like-to-know/141-K5aBeF0x-ik-Abuse on Women in the Old Testament？ ｜｜ I’d Like to Know.en-orig.vtt	ilk-007	007	Abuse on Women in the Old Testament?	curation/curated/id-like-to-know/items/ilk-007.md
142	DOyo5yI2rro	Living Under Grace and the Law? || I’d Like to Know	https://www.youtube.com/watch?v=DOyo5yI2rro	curation/transcripts/id-like-to-know/142-DOyo5yI2rro-Living Under Grace and the Law？ ｜｜ I’d Like to Know.info.json	curation/transcripts/id-like-to-know/142-DOyo5yI2rro-Living Under Grace and the Law？ ｜｜ I’d Like to Know.en-orig.vtt				
143	YMFk7-dRku0	Sabbath Commandment Exist in Heaven? || I’d Like to Know	https://www.youtube.com/watch?v=YMFk7-dRku0	curation/transcripts/id-like-to-know/143-YMFk7-dRku0-Sabbath Commandment Exist in Heaven？ ｜｜ I’d Like to Know.info.json	curation/transcripts/id-like-to-know/143-YMFk7-dRku0-Sabbath Commandment Exist in Heaven？ ｜｜ I’d Like to Know.en-orig.vtt				
144	M6TSwub-DfY	The Bible Contradicting Itself? || I’d Like to Know	https://www.youtube.com/watch?v=M6TSwub-DfY	curation/transcripts/id-like-to-know/144-M6TSwub-DfY-The Bible Contradicting Itself？ ｜｜ I’d Like to Know.info.json	curation/transcripts/id-like-to-know/144-M6TSwub-DfY-The Bible Contradicting Itself？ ｜｜ I’d Like to Know.en-orig.vtt				
145	eaxd_cghbRQ	Aborted Babies Going to Heaven? || I’d Like to Know	https://www.youtube.com/watch?v=eaxd_cghbRQ	curation/transcripts/id-like-to-know/145-eaxd_cghbRQ-Aborted Babies Going to Heaven？ ｜｜ I’d Like to Know.info.json	curation/transcripts/id-like-to-know/145-eaxd_cghbRQ-Aborted Babies Going to Heaven？ ｜｜ I’d Like to Know.en-orig.vtt	ilk-005	005	Aborted Babies Going to Heaven?	curation/curated/id-like-to-know/items/ilk-005.md
146	VJUdmldV2_g	We'll Be Like Angels? || I’d Like to Know	https://www.youtube.com/watch?v=VJUdmldV2_g	curation/transcripts/id-like-to-know/146-VJUdmldV2_g-We'll Be Like Angels？ ｜｜ I’d Like to Know.info.json	curation/transcripts/id-like-to-know/146-VJUdmldV2_g-We'll Be Like Angels？ ｜｜ I’d Like to Know.en-orig.vtt				
147	Z5Iiw7IKabY	God Knows My Fate? || I’d Like to Know	https://www.youtube.com/watch?v=Z5Iiw7IKabY	curation/transcripts/id-like-to-know/147-Z5Iiw7IKabY-God Knows My Fate？ ｜｜ I’d Like to Know.info.json	curation/transcripts/id-like-to-know/147-Z5Iiw7IKabY-God Knows My Fate？ ｜｜ I’d Like to Know.en-orig.vtt				
148	j0uJ9DJiy-s	Do Not Eat Meat? || I’d Like to Know	https://www.youtube.com/watch?v=j0uJ9DJiy-s	curation/transcripts/id-like-to-know/148-j0uJ9DJiy-s-Do Not Eat Meat？ ｜｜ I’d Like to Know.info.json	curation/transcripts/id-like-to-know/148-j0uJ9DJiy-s-Do Not Eat Meat？ ｜｜ I’d Like to Know.en-orig.vtt				
149	fphu361KjDw	Desmond Ford Issues? || I’d Like to Know	https://www.youtube.com/watch?v=fphu361KjDw	curation/transcripts/id-like-to-know/149-fphu361KjDw-Desmond Ford Issues？ ｜｜ I’d Like to Know.info.json	curation/transcripts/id-like-to-know/149-fphu361KjDw-Desmond Ford Issues？ ｜｜ I’d Like to Know.en-orig.vtt				
150	mbWatrEf6Dw	Raffle on Sabbath? || I’d Like to Know	https://www.youtube.com/watch?v=mbWatrEf6Dw	curation/transcripts/id-like-to-know/150-mbWatrEf6Dw-Raffle on Sabbath？ ｜｜ I’d Like to Know.info.json	curation/transcripts/id-like-to-know/150-mbWatrEf6Dw-Raffle on Sabbath？ ｜｜ I’d Like to Know.en-orig.vtt				
151	3LSaYZ3Snl4	Stay-At-Home Dad Unbiblical? || I’d Like to Know	https://www.youtube.com/watch?v=3LSaYZ3Snl4	curation/transcripts/id-like-to-know/151-3LSaYZ3Snl4-Stay-At-Home Dad Unbiblical？ ｜｜ I’d Like to Know.info.json	curation/transcripts/id-like-to-know/151-3LSaYZ3Snl4-Stay-At-Home Dad Unbiblical？ ｜｜ I’d Like to Know.en-orig.vtt				
152	NHtbRfL3b2Q	Biblical Facts on Black Slavery? || I’d Like to Know	https://www.youtube.com/watch?v=NHtbRfL3b2Q	curation/transcripts/id-like-to-know/152-NHtbRfL3b2Q-Biblical Facts on Black Slavery？ ｜｜ I’d Like to Know.info.json	curation/transcripts/id-like-to-know/152-NHtbRfL3b2Q-Biblical Facts on Black Slavery？ ｜｜ I’d Like to Know.en-orig.vtt	ilk-021	021	Biblical Facts on Black Slavery?	curation/curated/id-like-to-know/items/ilk-021.md
153	7q5olWFRVvg	Christians Involved in Sports? || I’d Like to Know	https://www.youtube.com/watch?v=7q5olWFRVvg	curation/transcripts/id-like-to-know/153-7q5olWFRVvg-Christians Involved in Sports？ ｜｜ I’d Like to Know.info.json	curation/transcripts/id-like-to-know/153-7q5olWFRVvg-Christians Involved in Sports？ ｜｜ I’d Like to Know.en-orig.vtt				
154	4UZ7ypSd0bU	Kitchen Work on Sabbath? || I’d Like to Know	https://www.youtube.com/watch?v=4UZ7ypSd0bU	curation/transcripts/id-like-to-know/154-4UZ7ypSd0bU-Kitchen Work on Sabbath？ ｜｜ I’d Like to Know.info.json	curation/transcripts/id-like-to-know/154-4UZ7ypSd0bU-Kitchen Work on Sabbath？ ｜｜ I’d Like to Know.en-orig.vtt				
155	6wIW-Qt0GRw	Laborious Sabbath Laws? || I’d Like to Know	https://www.youtube.com/watch?v=6wIW-Qt0GRw	curation/transcripts/id-like-to-know/155-6wIW-Qt0GRw-Laborious Sabbath Laws？ ｜｜ I’d Like to Know.info.json	curation/transcripts/id-like-to-know/155-6wIW-Qt0GRw-Laborious Sabbath Laws？ ｜｜ I’d Like to Know.en-orig.vtt				
156	pYm2jYmZw9o	The Rapture and Second Coming? || I’d Like to Know	https://www.youtube.com/watch?v=pYm2jYmZw9o	curation/transcripts/id-like-to-know/156-pYm2jYmZw9o-The Rapture and Second Coming？ ｜｜ I’d Like to Know.info.json	curation/transcripts/id-like-to-know/156-pYm2jYmZw9o-The Rapture and Second Coming？ ｜｜ I’d Like to Know.en-orig.vtt				
157	Qj9K0Q_wHmw	Flat Earth a Salvational Issue? || I’d Like to Know	https://www.youtube.com/watch?v=Qj9K0Q_wHmw	curation/transcripts/id-like-to-know/157-Qj9K0Q_wHmw-Flat Earth a Salvational Issue？ ｜｜ I’d Like to Know.info.json	curation/transcripts/id-like-to-know/157-Qj9K0Q_wHmw-Flat Earth a Salvational Issue？ ｜｜ I’d Like to Know.en-orig.vtt				
158	S_KGEWkXdN8	Why Did Satan Crucify Christ? || I’d Like to Know	https://www.youtube.com/watch?v=S_KGEWkXdN8	curation/transcripts/id-like-to-know/158-S_KGEWkXdN8-Why Did Satan Crucify Christ？ ｜｜ I’d Like to Know.info.json	curation/transcripts/id-like-to-know/158-S_KGEWkXdN8-Why Did Satan Crucify Christ？ ｜｜ I’d Like to Know.en-orig.vtt				
159	XOP1Go2f0QQ	Stealing Money for God? || I’d Like to Know	https://www.youtube.com/watch?v=XOP1Go2f0QQ	curation/transcripts/id-like-to-know/159-XOP1Go2f0QQ-Stealing Money for God？ ｜｜ I’d Like to Know.info.json	curation/transcripts/id-like-to-know/159-XOP1Go2f0QQ-Stealing Money for God？ ｜｜ I’d Like to Know.en-orig.vtt				
160	68GrV2gUgUs	Coffee Drinkers Going to Hell? || I’d Like to Know	https://www.youtube.com/watch?v=68GrV2gUgUs	curation/transcripts/id-like-to-know/160-68GrV2gUgUs-Coffee Drinkers Going to Hell？ ｜｜ I’d Like to Know.info.json	curation/transcripts/id-like-to-know/160-68GrV2gUgUs-Coffee Drinkers Going to Hell？ ｜｜ I’d Like to Know.en-orig.vtt				
161	ko2qP1RAYLM	Was Judas Saved? || I’d Like to Know	https://www.youtube.com/watch?v=ko2qP1RAYLM	curation/transcripts/id-like-to-know/161-ko2qP1RAYLM-Was Judas Saved？ ｜｜ I’d Like to Know.info.json	curation/transcripts/id-like-to-know/161-ko2qP1RAYLM-Was Judas Saved？ ｜｜ I’d Like to Know.en-orig.vtt				
162	6X5D3bVYB6E	Are Drums Good? || I’d Like to Know	https://www.youtube.com/watch?v=6X5D3bVYB6E	curation/transcripts/id-like-to-know/162-6X5D3bVYB6E-Are Drums Good？ ｜｜ I’d Like to Know.info.json	curation/transcripts/id-like-to-know/162-6X5D3bVYB6E-Are Drums Good？ ｜｜ I’d Like to Know.en-orig.vtt	ilk-011	011	Are Drums Good?	curation/curated/id-like-to-know/items/ilk-011.md
163	lc_0GaFru74	Payments During the Sabbath? || I’d Like to Know	https://www.youtube.com/watch?v=lc_0GaFru74	curation/transcripts/id-like-to-know/163-lc_0GaFru74-Payments During the Sabbath？ ｜｜ I’d Like to Know.info.json	curation/transcripts/id-like-to-know/163-lc_0GaFru74-Payments During the Sabbath？ ｜｜ I’d Like to Know.en-orig.vtt				
164	YL4yLdev3iI	How Many Genders? || I’d Like to Know	https://www.youtube.com/watch?v=YL4yLdev3iI	curation/transcripts/id-like-to-know/164-YL4yLdev3iI-How Many Genders？ ｜｜ I’d Like to Know.info.json	curation/transcripts/id-like-to-know/164-YL4yLdev3iI-How Many Genders？ ｜｜ I’d Like to Know.en-orig.vtt				
165	z34-_-gkKNI	Defining Daybreak? || I’d Like to Know	https://www.youtube.com/watch?v=z34-_-gkKNI	curation/transcripts/id-like-to-know/165-z34-_-gkKNI-Defining Daybreak？ ｜｜ I’d Like to Know.info.json	curation/transcripts/id-like-to-know/165-z34-_-gkKNI-Defining Daybreak？ ｜｜ I’d Like to Know.en-orig.vtt				
166	RbFQtoE8ouQ	Biking During the Sabbath? || I’d Like to Know	https://www.youtube.com/watch?v=RbFQtoE8ouQ	curation/transcripts/id-like-to-know/166-RbFQtoE8ouQ-Biking During the Sabbath？ ｜｜ I’d Like to Know.info.json	curation/transcripts/id-like-to-know/166-RbFQtoE8ouQ-Biking During the Sabbath？ ｜｜ I’d Like to Know.en-orig.vtt	ilk-022	022	Biking During the Sabbath?	curation/curated/id-like-to-know/items/ilk-022.md
167	sUPsPl__XUE	God Made the Devil? || I’d Like to Know	https://www.youtube.com/watch?v=sUPsPl__XUE	curation/transcripts/id-like-to-know/167-sUPsPl__XUE-God Made the Devil？ ｜｜ I’d Like to Know.info.json	curation/transcripts/id-like-to-know/167-sUPsPl__XUE-God Made the Devil？ ｜｜ I’d Like to Know.en-orig.vtt				
168	8MqUW6hgsaU	Blood That Talks? || I’d Like to Know	https://www.youtube.com/watch?v=8MqUW6hgsaU	curation/transcripts/id-like-to-know/168-8MqUW6hgsaU-Blood That Talks？ ｜｜ I’d Like to Know.info.json	curation/transcripts/id-like-to-know/168-8MqUW6hgsaU-Blood That Talks？ ｜｜ I’d Like to Know.en-orig.vtt	ilk-023	023	Blood That Talks?	curation/curated/id-like-to-know/items/ilk-023.md
169	ESToIpnx9bs	Did Jesus Contradict the State of the Dead? || I’d Like to Know	https://www.youtube.com/watch?v=ESToIpnx9bs	curation/transcripts/id-like-to-know/169-ESToIpnx9bs-Did Jesus Contradict the State of the Dead？ ｜｜ I’d Like to Know.info.json	curation/transcripts/id-like-to-know/169-ESToIpnx9bs-Did Jesus Contradict the State of the Dead？ ｜｜ I’d Like to Know.en-orig.vtt				
170	RaAsQ6s-qaI	Celebrating Easter is Okay? || I’d Like to Know	https://www.youtube.com/watch?v=RaAsQ6s-qaI	curation/transcripts/id-like-to-know/170-RaAsQ6s-qaI-Celebrating Easter is Okay？ ｜｜ I’d Like to Know.info.json	curation/transcripts/id-like-to-know/170-RaAsQ6s-qaI-Celebrating Easter is Okay？ ｜｜ I’d Like to Know.en-orig.vtt				
171	3ZPhL_ytBmk	Did God Create Satan? || I’d Like to Know	https://www.youtube.com/watch?v=3ZPhL_ytBmk	curation/transcripts/id-like-to-know/171-3ZPhL_ytBmk-Did God Create Satan？ ｜｜ I’d Like to Know.info.json	curation/transcripts/id-like-to-know/171-3ZPhL_ytBmk-Did God Create Satan？ ｜｜ I’d Like to Know.en-orig.vtt				
172	2CftziIx77E	I'm Not Forgiven? || I’d Like to Know	https://www.youtube.com/watch?v=2CftziIx77E	curation/transcripts/id-like-to-know/172-2CftziIx77E-I'm Not Forgiven？ ｜｜ I’d Like to Know.info.json	curation/transcripts/id-like-to-know/172-2CftziIx77E-I'm Not Forgiven？ ｜｜ I’d Like to Know.en-orig.vtt				
173	BM3a9QlXa78	Breaking the Sabbath in Jericho? || I’d Like to Know	https://www.youtube.com/watch?v=BM3a9QlXa78	curation/transcripts/id-like-to-know/173-BM3a9QlXa78-Breaking the Sabbath in Jericho？ ｜｜ I’d Like to Know.info.json	curation/transcripts/id-like-to-know/173-BM3a9QlXa78-Breaking the Sabbath in Jericho？ ｜｜ I’d Like to Know.en-orig.vtt	ilk-025	025	Breaking the Sabbath in Jericho?	curation/curated/id-like-to-know/items/ilk-025.md
174	fAGa1W-uQ5c	Why Do We Tithe? || I’d Like to Know	https://www.youtube.com/watch?v=fAGa1W-uQ5c	curation/transcripts/id-like-to-know/174-fAGa1W-uQ5c-Why Do We Tithe？ ｜｜ I’d Like to Know.info.json	curation/transcripts/id-like-to-know/174-fAGa1W-uQ5c-Why Do We Tithe？ ｜｜ I’d Like to Know.en-orig.vtt				
175	SVlUWyJAWes	We Are Not Sinners? || I’d Like to Know	https://www.youtube.com/watch?v=SVlUWyJAWes	curation/transcripts/id-like-to-know/175-SVlUWyJAWes-We Are Not Sinners？ ｜｜ I’d Like to Know.info.json	curation/transcripts/id-like-to-know/175-SVlUWyJAWes-We Are Not Sinners？ ｜｜ I’d Like to Know.en-orig.vtt				
176	o1oKZ6v1flc	The Devil Cast Out before Creation? || I’d Like to Know	https://www.youtube.com/watch?v=o1oKZ6v1flc	curation/transcripts/id-like-to-know/176-o1oKZ6v1flc-The Devil Cast Out before Creation？ ｜｜ I’d Like to Know.info.json	curation/transcripts/id-like-to-know/176-o1oKZ6v1flc-The Devil Cast Out before Creation？ ｜｜ I’d Like to Know.en-orig.vtt				
177	Y9Qhb27o0Dg	Fallen Angels and Demons? || I’d Like to Know	https://www.youtube.com/watch?v=Y9Qhb27o0Dg	curation/transcripts/id-like-to-know/177-Y9Qhb27o0Dg-Fallen Angels and Demons？ ｜｜ I’d Like to Know.info.json	curation/transcripts/id-like-to-know/177-Y9Qhb27o0Dg-Fallen Angels and Demons？ ｜｜ I’d Like to Know.en-orig.vtt				
178	orz7n1vOQIc	Was Christ Tempted? || I’d Like to Know	https://www.youtube.com/watch?v=orz7n1vOQIc	curation/transcripts/id-like-to-know/178-orz7n1vOQIc-Was Christ Tempted？ ｜｜ I’d Like to Know.info.json	curation/transcripts/id-like-to-know/178-orz7n1vOQIc-Was Christ Tempted？ ｜｜ I’d Like to Know.en-orig.vtt				
179	ba02JCkSNSc	What was the First Light? || I’d Like to Know	https://www.youtube.com/watch?v=ba02JCkSNSc	curation/transcripts/id-like-to-know/179-ba02JCkSNSc-What was the First Light？ ｜｜ I’d Like to Know.info.json	curation/transcripts/id-like-to-know/179-ba02JCkSNSc-What was the First Light？ ｜｜ I’d Like to Know.en-orig.vtt				
180	pE3XmF1r1PQ	Wearing a Hat a Sin? || I’d Like to Know	https://www.youtube.com/watch?v=pE3XmF1r1PQ	curation/transcripts/id-like-to-know/180-pE3XmF1r1PQ-Wearing a Hat a Sin？ ｜｜ I’d Like to Know.info.json	curation/transcripts/id-like-to-know/180-pE3XmF1r1PQ-Wearing a Hat a Sin？ ｜｜ I’d Like to Know.en-orig.vtt				
181	_ScyEefSLFM	Which Ethnic Group? || I’d Like to Know	https://www.youtube.com/watch?v=_ScyEefSLFM	curation/transcripts/id-like-to-know/181-_ScyEefSLFM-Which Ethnic Group？ ｜｜ I’d Like to Know.info.json	curation/transcripts/id-like-to-know/181-_ScyEefSLFM-Which Ethnic Group？ ｜｜ I’d Like to Know.en-orig.vtt				
182	dBoOOroH2dc	Sabbath Begins By Sundown? || I’d Like to Know	https://www.youtube.com/watch?v=dBoOOroH2dc	curation/transcripts/id-like-to-know/182-dBoOOroH2dc-Sabbath Begins By Sundown？ ｜｜ I’d Like to Know.info.json	curation/transcripts/id-like-to-know/182-dBoOOroH2dc-Sabbath Begins By Sundown？ ｜｜ I’d Like to Know.en-orig.vtt				
183	jh5wqJ9s9kc	Still single by 30? || I’d Like to Know	https://www.youtube.com/watch?v=jh5wqJ9s9kc	curation/transcripts/id-like-to-know/183-jh5wqJ9s9kc-Still single by 30？ ｜｜ I’d Like to Know.info.json	curation/transcripts/id-like-to-know/183-jh5wqJ9s9kc-Still single by 30？ ｜｜ I’d Like to Know.en-orig.vtt				
184	Dkvy4hBby7M	Following God's Law and Sin's Law? || I’d Like to Know	https://www.youtube.com/watch?v=Dkvy4hBby7M	curation/transcripts/id-like-to-know/184-Dkvy4hBby7M-Following God's Law and Sin's Law？ ｜｜ I’d Like to Know.info.json	curation/transcripts/id-like-to-know/184-Dkvy4hBby7M-Following God's Law and Sin's Law？ ｜｜ I’d Like to Know.en-orig.vtt				
185	x6ZC_nh7eZw	My Name Off the Book of Life? || I’d Like to Know	https://www.youtube.com/watch?v=x6ZC_nh7eZw	curation/transcripts/id-like-to-know/185-x6ZC_nh7eZw-My Name Off the Book of Life？ ｜｜ I’d Like to Know.info.json	curation/transcripts/id-like-to-know/185-x6ZC_nh7eZw-My Name Off the Book of Life？ ｜｜ I’d Like to Know.en-orig.vtt				
186	FVBmvYRODxM	Eating Fish with Jesus? || I’d Like to Know	https://www.youtube.com/watch?v=FVBmvYRODxM	curation/transcripts/id-like-to-know/186-FVBmvYRODxM-Eating Fish with Jesus？ ｜｜ I’d Like to Know.info.json	curation/transcripts/id-like-to-know/186-FVBmvYRODxM-Eating Fish with Jesus？ ｜｜ I’d Like to Know.en-orig.vtt				
187	r5XNR-pBoEY	Tithing? || I’d Like to Know	https://www.youtube.com/watch?v=r5XNR-pBoEY	curation/transcripts/id-like-to-know/187-r5XNR-pBoEY-Tithing？ ｜｜ I’d Like to Know.info.json	curation/transcripts/id-like-to-know/187-r5XNR-pBoEY-Tithing？ ｜｜ I’d Like to Know.en-orig.vtt				
188	FImdOWpi7Ro	Does God Allow Hardships? || I’d Like to Know	https://www.youtube.com/watch?v=FImdOWpi7Ro	curation/transcripts/id-like-to-know/188-FImdOWpi7Ro-Does God Allow Hardships？ ｜｜ I’d Like to Know.info.json	curation/transcripts/id-like-to-know/188-FImdOWpi7Ro-Does God Allow Hardships？ ｜｜ I’d Like to Know.en-orig.vtt				
189	fXpGoTaXV3E	Satan Impersonating Jesus? || I’d Like to Know	https://www.youtube.com/watch?v=fXpGoTaXV3E	curation/transcripts/id-like-to-know/189-fXpGoTaXV3E-Satan Impersonating Jesus？ ｜｜ I’d Like to Know.info.json	curation/transcripts/id-like-to-know/189-fXpGoTaXV3E-Satan Impersonating Jesus？ ｜｜ I’d Like to Know.en-orig.vtt				
190	qqy2RVPrpPc	Satan Performing Miracles? || I’d Like to Know	https://www.youtube.com/watch?v=qqy2RVPrpPc	curation/transcripts/id-like-to-know/190-qqy2RVPrpPc-Satan Performing Miracles？ ｜｜ I’d Like to Know.info.json	curation/transcripts/id-like-to-know/190-qqy2RVPrpPc-Satan Performing Miracles？ ｜｜ I’d Like to Know.en-orig.vtt				
191	EyXpE50Xhqo	Does Satan Still Visit Heaven? || I’d Like to Know	https://www.youtube.com/watch?v=EyXpE50Xhqo	curation/transcripts/id-like-to-know/191-EyXpE50Xhqo-Does Satan Still Visit Heaven？ ｜｜ I’d Like to Know.info.json	curation/transcripts/id-like-to-know/191-EyXpE50Xhqo-Does Satan Still Visit Heaven？ ｜｜ I’d Like to Know.en-orig.vtt				
192	LrQ8v9X8zvY	Jesus Was Born Sinful? || I’d Like to Know	https://www.youtube.com/watch?v=LrQ8v9X8zvY	curation/transcripts/id-like-to-know/192-LrQ8v9X8zvY-Jesus Was Born Sinful？ ｜｜ I’d Like to Know.info.json	curation/transcripts/id-like-to-know/192-LrQ8v9X8zvY-Jesus Was Born Sinful？ ｜｜ I’d Like to Know.en-orig.vtt				
193	Q2Q1-wjxRoE	Who to Ask for Will Power? || I’d Like to Know	https://www.youtube.com/watch?v=Q2Q1-wjxRoE	curation/transcripts/id-like-to-know/193-Q2Q1-wjxRoE-Who to Ask for Will Power？ ｜｜ I’d Like to Know.info.json	curation/transcripts/id-like-to-know/193-Q2Q1-wjxRoE-Who to Ask for Will Power？ ｜｜ I’d Like to Know.en-orig.vtt				
194	FhBehgTFgME	What is the Spirit of Prophecy? || I’d Like to Know	https://www.youtube.com/watch?v=FhBehgTFgME	curation/transcripts/id-like-to-know/194-FhBehgTFgME-What is the Spirit of Prophecy？ ｜｜ I’d Like to Know.info.json	curation/transcripts/id-like-to-know/194-FhBehgTFgME-What is the Spirit of Prophecy？ ｜｜ I’d Like to Know.en-orig.vtt				
195	9IbCFH8mT_4	where is God's Kingdom? || I’d Like to Know	https://www.youtube.com/watch?v=9IbCFH8mT_4	curation/transcripts/id-like-to-know/195-9IbCFH8mT_4-where is God's Kingdom？ ｜｜ I’d Like to Know.info.json	curation/transcripts/id-like-to-know/195-9IbCFH8mT_4-where is God's Kingdom？ ｜｜ I’d Like to Know.en-orig.vtt				
196	BthIHIYl6JU	Are We Born Sinners? || I’d Like to Know	https://www.youtube.com/watch?v=BthIHIYl6JU	curation/transcripts/id-like-to-know/196-BthIHIYl6JU-Are We Born Sinners？ ｜｜ I’d Like to Know.info.json	curation/transcripts/id-like-to-know/196-BthIHIYl6JU-Are We Born Sinners？ ｜｜ I’d Like to Know.en-orig.vtt	ilk-016	016	Are We Born Sinners?	curation/curated/id-like-to-know/items/ilk-016.md
197	AlA0WdySUnk	Are Vaccines the Mark of the Beasts? || I’d Like to Know	https://www.youtube.com/watch?v=AlA0WdySUnk	curation/transcripts/id-like-to-know/197-AlA0WdySUnk-Are Vaccines the Mark of the Beasts？ ｜｜ I’d Like to Know.info.json	curation/transcripts/id-like-to-know/197-AlA0WdySUnk-Are Vaccines the Mark of the Beasts？ ｜｜ I’d Like to Know.en-orig.vtt	ilk-015	015	Are Vaccines the Mark of the Beasts?	curation/curated/id-like-to-know/items/ilk-015.md
198	Dn8tzso8WLw	Ellen White & Christmas Trees? || I’d Like to Know	https://www.youtube.com/watch?v=Dn8tzso8WLw	curation/transcripts/id-like-to-know/198-Dn8tzso8WLw-Ellen White & Christmas Trees？ ｜｜ I’d Like to Know.info.json	curation/transcripts/id-like-to-know/198-Dn8tzso8WLw-Ellen White & Christmas Trees？ ｜｜ I’d Like to Know.en-orig.vtt				
199	I7gsAPfeo5k	Does God Kill? || I’d Like to Know	https://www.youtube.com/watch?v=I7gsAPfeo5k	curation/transcripts/id-like-to-know/199-I7gsAPfeo5k-Does God Kill？ ｜｜ I’d Like to Know.info.json	curation/transcripts/id-like-to-know/199-I7gsAPfeo5k-Does God Kill？ ｜｜ I’d Like to Know.en-orig.vtt				
200	d9k19DZW8GA	Does The Book of Jasper Exist? || I’d Like to Know	https://www.youtube.com/watch?v=d9k19DZW8GA	curation/transcripts/id-like-to-know/200-d9k19DZW8GA-Does The Book of Jasper Exist？ ｜｜ I’d Like to Know.info.json	curation/transcripts/id-like-to-know/200-d9k19DZW8GA-Does The Book of Jasper Exist？ ｜｜ I’d Like to Know.en-orig.vtt				
201	fou3sP7A4yY	Lucifer on Earth Before Creation? || I’d Like to Know	https://www.youtube.com/watch?v=fou3sP7A4yY	curation/transcripts/id-like-to-know/201-fou3sP7A4yY-Lucifer on Earth Before Creation？ ｜｜ I’d Like to Know.info.json	curation/transcripts/id-like-to-know/201-fou3sP7A4yY-Lucifer on Earth Before Creation？ ｜｜ I’d Like to Know.en-orig.vtt				
202	KqouTtWK-u0	Shouting While Sharing the Message? || I’d Like to Know	https://www.youtube.com/watch?v=KqouTtWK-u0	curation/transcripts/id-like-to-know/202-KqouTtWK-u0-Shouting While Sharing the Message？ ｜｜ I’d Like to Know.info.json	curation/transcripts/id-like-to-know/202-KqouTtWK-u0-Shouting While Sharing the Message？ ｜｜ I’d Like to Know.en-orig.vtt				
203	ZVlOTxMgyi4	Can Women Give a Sermon? || I’d Like to Know	https://www.youtube.com/watch?v=ZVlOTxMgyi4	curation/transcripts/id-like-to-know/203-ZVlOTxMgyi4-Can Women Give a Sermon？ ｜｜ I’d Like to Know.info.json	curation/transcripts/id-like-to-know/203-ZVlOTxMgyi4-Can Women Give a Sermon？ ｜｜ I’d Like to Know.en-orig.vtt				
204	6Qut6yTTtxY	Worldwide Law Violating Conscience? || I’d Like to Know	https://www.youtube.com/watch?v=6Qut6yTTtxY	curation/transcripts/id-like-to-know/204-6Qut6yTTtxY-Worldwide Law Violating Conscience？ ｜｜ I’d Like to Know.info.json	curation/transcripts/id-like-to-know/204-6Qut6yTTtxY-Worldwide Law Violating Conscience？ ｜｜ I’d Like to Know.en-orig.vtt				
205	lMOPnkomsMs	Is Christmas Offering Pagan? || I’d Like to Know	https://www.youtube.com/watch?v=lMOPnkomsMs	curation/transcripts/id-like-to-know/205-lMOPnkomsMs-Is Christmas Offering Pagan？ ｜｜ I’d Like to Know.info.json	curation/transcripts/id-like-to-know/205-lMOPnkomsMs-Is Christmas Offering Pagan？ ｜｜ I’d Like to Know.en-orig.vtt				
206	BTMleZdgG80	Symbolic Meanings? || I’d Like to Know	https://www.youtube.com/watch?v=BTMleZdgG80	curation/transcripts/id-like-to-know/206-BTMleZdgG80-Symbolic Meanings？ ｜｜ I’d Like to Know.info.json	curation/transcripts/id-like-to-know/206-BTMleZdgG80-Symbolic Meanings？ ｜｜ I’d Like to Know.en-orig.vtt				
207	NyRL32378AA	What Should I Do During a Divorce? || I’d Like to Know	https://www.youtube.com/watch?v=NyRL32378AA	curation/transcripts/id-like-to-know/207-NyRL32378AA-What Should I Do During a Divorce？ ｜｜ I’d Like to Know.info.json	curation/transcripts/id-like-to-know/207-NyRL32378AA-What Should I Do During a Divorce？ ｜｜ I’d Like to Know.en-orig.vtt				
208	7pnFkCa0x_s	Can Pastors Cast Out Demons? || I’d Like to Know	https://www.youtube.com/watch?v=7pnFkCa0x_s	curation/transcripts/id-like-to-know/208-7pnFkCa0x_s-Can Pastors Cast Out Demons？ ｜｜ I’d Like to Know.info.json	curation/transcripts/id-like-to-know/208-7pnFkCa0x_s-Can Pastors Cast Out Demons？ ｜｜ I’d Like to Know.en-orig.vtt				
209	C3dOt7LVFjU	Who Do I Pray To? || I’d Like to Know	https://www.youtube.com/watch?v=C3dOt7LVFjU	curation/transcripts/id-like-to-know/209-C3dOt7LVFjU-Who Do I Pray To？ ｜｜ I’d Like to Know.info.json	curation/transcripts/id-like-to-know/209-C3dOt7LVFjU-Who Do I Pray To？ ｜｜ I’d Like to Know.en-orig.vtt				
210	7JVFDW_t9Sk	Is Loving God Self-Centered Love? || I'd Like to Know	https://www.youtube.com/watch?v=7JVFDW_t9Sk	curation/transcripts/id-like-to-know/210-7JVFDW_t9Sk-Is Loving God Self-Centered Love？ ｜｜ I'd Like to Know.info.json	curation/transcripts/id-like-to-know/210-7JVFDW_t9Sk-Is Loving God Self-Centered Love？ ｜｜ I'd Like to Know.en-orig.vtt				
211	_OpVguS3vII	Is Love a Decision or a Mindset? || I’d Like to Know	https://www.youtube.com/watch?v=_OpVguS3vII	curation/transcripts/id-like-to-know/211-_OpVguS3vII-Is Love a Decision or a Mindset？ ｜｜ I’d Like to Know.info.json	curation/transcripts/id-like-to-know/211-_OpVguS3vII-Is Love a Decision or a Mindset？ ｜｜ I’d Like to Know.en-orig.vtt				
212	nLkPXn_u634	We Can't Kill Cockroaches? || I’d Like to Know	https://www.youtube.com/watch?v=nLkPXn_u634	curation/transcripts/id-like-to-know/212-nLkPXn_u634-We Can't Kill Cockroaches？ ｜｜ I’d Like to Know.info.json	curation/transcripts/id-like-to-know/212-nLkPXn_u634-We Can't Kill Cockroaches？ ｜｜ I’d Like to Know.en-orig.vtt				
213	dfq9KonSSYc	Is Coffee Dangerous? || I’d Like to Know	https://www.youtube.com/watch?v=dfq9KonSSYc	curation/transcripts/id-like-to-know/213-dfq9KonSSYc-Is Coffee Dangerous？ ｜｜ I’d Like to Know.info.json	curation/transcripts/id-like-to-know/213-dfq9KonSSYc-Is Coffee Dangerous？ ｜｜ I’d Like to Know.en-orig.vtt				
214	fzOol5s_-3Y	Can I Perform Christian Meditation? || I’d Like to Know	https://www.youtube.com/watch?v=fzOol5s_-3Y	curation/transcripts/id-like-to-know/214-fzOol5s_-3Y-Can I Perform Christian Meditation？ ｜｜ I’d Like to Know.info.json	curation/transcripts/id-like-to-know/214-fzOol5s_-3Y-Can I Perform Christian Meditation？ ｜｜ I’d Like to Know.en-orig.vtt				
215	TBsdVEfg364	More Worlds Out There? || I’d Like to Know	https://www.youtube.com/watch?v=TBsdVEfg364	curation/transcripts/id-like-to-know/215-TBsdVEfg364-More Worlds Out There？ ｜｜ I’d Like to Know.info.json	curation/transcripts/id-like-to-know/215-TBsdVEfg364-More Worlds Out There？ ｜｜ I’d Like to Know.en-orig.vtt				
216	l-VC-vUA83I	How Do I Get Involved in Ministry? || I’d Like to Know	https://www.youtube.com/watch?v=l-VC-vUA83I	curation/transcripts/id-like-to-know/216-l-VC-vUA83I-How Do I Get Involved in Ministry？ ｜｜ I’d Like to Know.info.json	curation/transcripts/id-like-to-know/216-l-VC-vUA83I-How Do I Get Involved in Ministry？ ｜｜ I’d Like to Know.en-orig.vtt				
217	eIQENG72ETw	Did Lot's Wife Have a Name? || I’d Like to Know	https://www.youtube.com/watch?v=eIQENG72ETw	curation/transcripts/id-like-to-know/217-eIQENG72ETw-Did Lot's Wife Have a Name？ ｜｜ I’d Like to Know.info.json	curation/transcripts/id-like-to-know/217-eIQENG72ETw-Did Lot's Wife Have a Name？ ｜｜ I’d Like to Know.en-orig.vtt				
218	GOLs-5q3Mck	Where Was Jesus After He Resurrected? || I’d Like to Know	https://www.youtube.com/watch?v=GOLs-5q3Mck	curation/transcripts/id-like-to-know/218-GOLs-5q3Mck-Where Was Jesus After He Resurrected？ ｜｜ I’d Like to Know.info.json	curation/transcripts/id-like-to-know/218-GOLs-5q3Mck-Where Was Jesus After He Resurrected？ ｜｜ I’d Like to Know.en-orig.vtt				
219	uUzla4cccT0	Reaching the Unreached? || I’d Like to Know	https://www.youtube.com/watch?v=uUzla4cccT0	curation/transcripts/id-like-to-know/219-uUzla4cccT0-Reaching the Unreached？ ｜｜ I’d Like to Know.info.json	curation/transcripts/id-like-to-know/219-uUzla4cccT0-Reaching the Unreached？ ｜｜ I’d Like to Know.en-orig.vtt				
220	wwABIHKuVBE	God Created Lucifer? || I’d Like to Know	https://www.youtube.com/watch?v=wwABIHKuVBE	curation/transcripts/id-like-to-know/220-wwABIHKuVBE-God Created Lucifer？ ｜｜ I’d Like to Know.info.json	curation/transcripts/id-like-to-know/220-wwABIHKuVBE-God Created Lucifer？ ｜｜ I’d Like to Know.en-orig.vtt				
221	X0AJja3uhjY	Earth: Headquarters of the Universe? || I’d Like to Know	https://www.youtube.com/watch?v=X0AJja3uhjY	curation/transcripts/id-like-to-know/221-X0AJja3uhjY-Earth： Headquarters of the Universe？ ｜｜ I’d Like to Know.info.json	curation/transcripts/id-like-to-know/221-X0AJja3uhjY-Earth： Headquarters of the Universe？ ｜｜ I’d Like to Know.en-orig.vtt				
222	JVdWVs6YwL0	Human's Can't Procreate with Immortal Bodies? || I’d Like to Know	https://www.youtube.com/watch?v=JVdWVs6YwL0	curation/transcripts/id-like-to-know/222-JVdWVs6YwL0-Human's Can't Procreate with Immortal Bodies？ ｜｜ I’d Like to Know.info.json	curation/transcripts/id-like-to-know/222-JVdWVs6YwL0-Human's Can't Procreate with Immortal Bodies？ ｜｜ I’d Like to Know.en-orig.vtt				
223	SVxv9iet3gM	The 'Elect' Will Not Be Deceived? || I’d Like to Know	https://www.youtube.com/watch?v=SVxv9iet3gM	curation/transcripts/id-like-to-know/223-SVxv9iet3gM-The 'Elect' Will Not Be Deceived？ ｜｜ I’d Like to Know.info.json	curation/transcripts/id-like-to-know/223-SVxv9iet3gM-The 'Elect' Will Not Be Deceived？ ｜｜ I’d Like to Know.en-orig.vtt				
224	eVqLOC4KFxk	Dancing on the Sabbath? || I’d Like to Know	https://www.youtube.com/watch?v=eVqLOC4KFxk	curation/transcripts/id-like-to-know/224-eVqLOC4KFxk-Dancing on the Sabbath？ ｜｜ I’d Like to Know.info.json	curation/transcripts/id-like-to-know/224-eVqLOC4KFxk-Dancing on the Sabbath？ ｜｜ I’d Like to Know.en-orig.vtt				
225	NCcasSIYK7M	Women's Ordination? || I’d Like to Know	https://www.youtube.com/watch?v=NCcasSIYK7M	curation/transcripts/id-like-to-know/225-NCcasSIYK7M-Women's Ordination？ ｜｜ I’d Like to Know.info.json	curation/transcripts/id-like-to-know/225-NCcasSIYK7M-Women's Ordination？ ｜｜ I’d Like to Know.en-orig.vtt				
226	U-o1KzTrRl0	Is Cremation Biblical? || I’d Like to Know	https://www.youtube.com/watch?v=U-o1KzTrRl0	curation/transcripts/id-like-to-know/226-U-o1KzTrRl0-Is Cremation Biblical？ ｜｜ I’d Like to Know.info.json	curation/transcripts/id-like-to-know/226-U-o1KzTrRl0-Is Cremation Biblical？ ｜｜ I’d Like to Know.en-orig.vtt				
227	xZkfIFe6gto	Is God's Name Jehovah or Yahweh? || I’d Like to Know	https://www.youtube.com/watch?v=xZkfIFe6gto	curation/transcripts/id-like-to-know/227-xZkfIFe6gto-Is God's Name Jehovah or Yahweh？ ｜｜ I’d Like to Know.info.json	curation/transcripts/id-like-to-know/227-xZkfIFe6gto-Is God's Name Jehovah or Yahweh？ ｜｜ I’d Like to Know.en-orig.vtt				
228	oGX3s3mvPaQ	Sins in the Heavenly Sanctuary? || I’d Like to Know	https://www.youtube.com/watch?v=oGX3s3mvPaQ	curation/transcripts/id-like-to-know/228-oGX3s3mvPaQ-Sins in the Heavenly Sanctuary？ ｜｜ I’d Like to Know.info.json	curation/transcripts/id-like-to-know/228-oGX3s3mvPaQ-Sins in the Heavenly Sanctuary？ ｜｜ I’d Like to Know.en-orig.vtt				
229	6AjvXBGuAg8	Proper Attitude for Prayers? || I’d Like to Know	https://www.youtube.com/watch?v=6AjvXBGuAg8	curation/transcripts/id-like-to-know/229-6AjvXBGuAg8-Proper Attitude for Prayers？ ｜｜ I’d Like to Know.info.json	curation/transcripts/id-like-to-know/229-6AjvXBGuAg8-Proper Attitude for Prayers？ ｜｜ I’d Like to Know.en-orig.vtt				
230	PKfk3TDKjmk	Is God Against Polygamy? || I’d Like to Know	https://www.youtube.com/watch?v=PKfk3TDKjmk	curation/transcripts/id-like-to-know/230-PKfk3TDKjmk-Is God Against Polygamy？ ｜｜ I’d Like to Know.info.json	curation/transcripts/id-like-to-know/230-PKfk3TDKjmk-Is God Against Polygamy？ ｜｜ I’d Like to Know.en-orig.vtt				
231	tDbhBfEJV7c	Why Did God Not Prevent Sin from Happening? || I’d Like to Know	https://www.youtube.com/watch?v=tDbhBfEJV7c	curation/transcripts/id-like-to-know/231-tDbhBfEJV7c-Why Did God Not Prevent Sin from Happening？ ｜｜ I’d Like to Know.info.json	curation/transcripts/id-like-to-know/231-tDbhBfEJV7c-Why Did God Not Prevent Sin from Happening？ ｜｜ I’d Like to Know.en-orig.vtt				
232	6qEuloyAInk	Thou Shalt Not Kill? || I’d Like to Know	https://www.youtube.com/watch?v=6qEuloyAInk	curation/transcripts/id-like-to-know/232-6qEuloyAInk-Thou Shalt Not Kill？ ｜｜ I’d Like to Know.info.json	curation/transcripts/id-like-to-know/232-6qEuloyAInk-Thou Shalt Not Kill？ ｜｜ I’d Like to Know.en-orig.vtt				
233	Ezhz9qIfphs	Sacrificing a Bull Instead of a Lamb? || I’d Like to Know	https://www.youtube.com/watch?v=Ezhz9qIfphs	curation/transcripts/id-like-to-know/233-Ezhz9qIfphs-Sacrificing a Bull Instead of a Lamb？ ｜｜ I’d Like to Know.info.json	curation/transcripts/id-like-to-know/233-Ezhz9qIfphs-Sacrificing a Bull Instead of a Lamb？ ｜｜ I’d Like to Know.en-orig.vtt				
234	mRbwmgRstk4	Is God Really Trinity? || I’d Like to Know	https://www.youtube.com/watch?v=mRbwmgRstk4	curation/transcripts/id-like-to-know/234-mRbwmgRstk4-Is God Really Trinity？ ｜｜ I’d Like to Know.info.json	curation/transcripts/id-like-to-know/234-mRbwmgRstk4-Is God Really Trinity？ ｜｜ I’d Like to Know.en-orig.vtt				
235	wXBV6hfY9vc	Did Jesus Pay Tithe? || I’d Like to Know	https://www.youtube.com/watch?v=wXBV6hfY9vc	curation/transcripts/id-like-to-know/235-wXBV6hfY9vc-Did Jesus Pay Tithe？ ｜｜ I’d Like to Know.info.json	curation/transcripts/id-like-to-know/235-wXBV6hfY9vc-Did Jesus Pay Tithe？ ｜｜ I’d Like to Know.en-orig.vtt				
236	oElxNgxtP_Q	Free Choice in the New Earth? || I’d Like to Know	https://www.youtube.com/watch?v=oElxNgxtP_Q	curation/transcripts/id-like-to-know/236-oElxNgxtP_Q-Free Choice in the New Earth？ ｜｜ I’d Like to Know.info.json	curation/transcripts/id-like-to-know/236-oElxNgxtP_Q-Free Choice in the New Earth？ ｜｜ I’d Like to Know.en-orig.vtt				
237	_BaWhFLFv7Q	Can Tares be Converted to Wheat? || I’d Like to Know	https://www.youtube.com/watch?v=_BaWhFLFv7Q	curation/transcripts/id-like-to-know/237-_BaWhFLFv7Q-Can Tares be Converted to Wheat？ ｜｜ I’d Like to Know.info.json	curation/transcripts/id-like-to-know/237-_BaWhFLFv7Q-Can Tares be Converted to Wheat？ ｜｜ I’d Like to Know.en-orig.vtt				
238	956s9Vy8Wdc	Is Artificial Insemination Still God's Creation? || I’d Like to Know	https://www.youtube.com/watch?v=956s9Vy8Wdc	curation/transcripts/id-like-to-know/238-956s9Vy8Wdc-Is Artificial Insemination Still God's Creation？ ｜｜ I’d Like to Know.info.json	curation/transcripts/id-like-to-know/238-956s9Vy8Wdc-Is Artificial Insemination Still God's Creation？ ｜｜ I’d Like to Know.en-orig.vtt				
239	nZru9KrwrdA	Angels Using Golden Cards? || I’d Like to Know	https://www.youtube.com/watch?v=nZru9KrwrdA	curation/transcripts/id-like-to-know/239-nZru9KrwrdA-Angels Using Golden Cards？ ｜｜ I’d Like to Know.info.json	curation/transcripts/id-like-to-know/239-nZru9KrwrdA-Angels Using Golden Cards？ ｜｜ I’d Like to Know.en-orig.vtt	ilk-010	010	Angels Using Golden Cards?	curation/curated/id-like-to-know/items/ilk-010.md
240	6eUi5AVpu0c	Will God Shorten Your Life to Save You? || I’d Like to Know	https://www.youtube.com/watch?v=6eUi5AVpu0c	curation/transcripts/id-like-to-know/240-6eUi5AVpu0c-Will God Shorten Your Life to Save You？ ｜｜ I’d Like to Know.info.json					
241	6GnsO-NGBIk	Is God Against Socialism? || I’d Like to Know	https://www.youtube.com/watch?v=6GnsO-NGBIk	curation/transcripts/id-like-to-know/241-6GnsO-NGBIk-Is God Against Socialism？ ｜｜ I’d Like to Know.info.json	curation/transcripts/id-like-to-know/241-6GnsO-NGBIk-Is God Against Socialism？ ｜｜ I’d Like to Know.en-orig.vtt				
242	-5tEs2qkcgo	Did Jesus Experience Addictions? || I’d Like to Know	https://www.youtube.com/watch?v=-5tEs2qkcgo	curation/transcripts/id-like-to-know/242--5tEs2qkcgo-Did Jesus Experience Addictions？ ｜｜ I’d Like to Know.info.json	curation/transcripts/id-like-to-know/242--5tEs2qkcgo-Did Jesus Experience Addictions？ ｜｜ I’d Like to Know.en-orig.vtt				
243	RP0S2P1KvME	Buying and Selling Literal or Symbolic? || I’d Like to Know	https://www.youtube.com/watch?v=RP0S2P1KvME	curation/transcripts/id-like-to-know/243-RP0S2P1KvME-Buying and Selling Literal or Symbolic？ ｜｜ I’d Like to Know.info.json	curation/transcripts/id-like-to-know/243-RP0S2P1KvME-Buying and Selling Literal or Symbolic？ ｜｜ I’d Like to Know.en.vtt	ilk-026	026	Buying and Selling Literal or Symbolic?	curation/curated/id-like-to-know/items/ilk-026.md
244	OzPTXfsFZO4	The Close of Probation Closed? || I’d Like to Know	https://www.youtube.com/watch?v=OzPTXfsFZO4	curation/transcripts/id-like-to-know/244-OzPTXfsFZO4-The Close of Probation Closed？ ｜｜ I’d Like to Know.info.json	curation/transcripts/id-like-to-know/244-OzPTXfsFZO4-The Close of Probation Closed？ ｜｜ I’d Like to Know.en-orig.vtt				
245	lBzVWEdDMSw	Is The Health Message Important? || I’d Like to Know	https://www.youtube.com/watch?v=lBzVWEdDMSw	curation/transcripts/id-like-to-know/245-lBzVWEdDMSw-Is The Health Message Important？ ｜｜ I’d Like to Know.info.json	curation/transcripts/id-like-to-know/245-lBzVWEdDMSw-Is The Health Message Important？ ｜｜ I’d Like to Know.en-orig.vtt				
246	t5CxuZWbvZc	What is The Bride of The Lamb? || I’d Like to Know	https://www.youtube.com/watch?v=t5CxuZWbvZc	curation/transcripts/id-like-to-know/246-t5CxuZWbvZc-What is The Bride of The Lamb？ ｜｜ I’d Like to Know.info.json	curation/transcripts/id-like-to-know/246-t5CxuZWbvZc-What is The Bride of The Lamb？ ｜｜ I’d Like to Know.en-orig.vtt				
247	Cb4whcgS6KY	Will Wearing Jewelry Prevent Me from Going to Heaven? || I’d Like to Know	https://www.youtube.com/watch?v=Cb4whcgS6KY	curation/transcripts/id-like-to-know/247-Cb4whcgS6KY-Will Wearing Jewelry Prevent Me from Going to Heaven？ ｜｜ I’d Like to Know.info.json	curation/transcripts/id-like-to-know/247-Cb4whcgS6KY-Will Wearing Jewelry Prevent Me from Going to Heaven？ ｜｜ I’d Like to Know.en-orig.vtt				
248	UMCwpZm54Ac	How Do I Honor My Fake Christian Parents? || I’d Like to Know	https://www.youtube.com/watch?v=UMCwpZm54Ac	curation/transcripts/id-like-to-know/248-UMCwpZm54Ac-How Do I Honor My Fake Christian Parents？ ｜｜ I’d Like to Know.info.json	curation/transcripts/id-like-to-know/248-UMCwpZm54Ac-How Do I Honor My Fake Christian Parents？ ｜｜ I’d Like to Know.en-orig.vtt				
249	MszNn-FVtZ8	9. I'd Like To Know - Pr. Stephen Bohr and Pr. James Rafferty - What is the Angel of Death	https://www.youtube.com/watch?v=MszNn-FVtZ8	curation/transcripts/id-like-to-know/249-MszNn-FVtZ8-9. I'd Like To Know - Pr. Stephen Bohr and Pr. James Rafferty - What is the Angel of Death.info.json	curation/transcripts/id-like-to-know/249-MszNn-FVtZ8-9. I'd Like To Know - Pr. Stephen Bohr and Pr. James Rafferty - What is the Angel of Death.en-orig.vtt	ilk-003	003	What Is the Angel of Death	curation/curated/id-like-to-know/items/ilk-003.md
250	of-J3w7HJZw	Did Jesus Have an Advantage Over Us? || I’d Like to Know	https://www.youtube.com/watch?v=of-J3w7HJZw	curation/transcripts/id-like-to-know/250-of-J3w7HJZw-Did Jesus Have an Advantage Over Us？ ｜｜ I’d Like to Know.info.json	curation/transcripts/id-like-to-know/250-of-J3w7HJZw-Did Jesus Have an Advantage Over Us？ ｜｜ I’d Like to Know.en-orig.vtt				
251	9W8wWkqQo60	What is Our Responsibility for Our Environment? || I’d Like to Know	https://www.youtube.com/watch?v=9W8wWkqQo60	curation/transcripts/id-like-to-know/251-9W8wWkqQo60-What is Our Responsibility for Our Environment？ ｜｜ I’d Like to Know.info.json	curation/transcripts/id-like-to-know/251-9W8wWkqQo60-What is Our Responsibility for Our Environment？ ｜｜ I’d Like to Know.en-orig.vtt				
252	32irwow5wPU	How Old is The Earth? || I’d Like to Know	https://www.youtube.com/watch?v=32irwow5wPU	curation/transcripts/id-like-to-know/252-32irwow5wPU-How Old is The Earth？ ｜｜ I’d Like to Know.info.json	curation/transcripts/id-like-to-know/252-32irwow5wPU-How Old is The Earth？ ｜｜ I’d Like to Know.en-orig.vtt				
253	G-S9JMxFJRI	Was Adam With Eve When She Was Tempted? || I’d Like to Know	https://www.youtube.com/watch?v=G-S9JMxFJRI	curation/transcripts/id-like-to-know/253-G-S9JMxFJRI-Was Adam With Eve When She Was Tempted？ ｜｜ I’d Like to Know.info.json	curation/transcripts/id-like-to-know/253-G-S9JMxFJRI-Was Adam With Eve When She Was Tempted？ ｜｜ I’d Like to Know.en-orig.vtt				
254	Z0AZsSlFmeo	A Special Resurrection During the Crucifixion? || I’d Like to Know	https://www.youtube.com/watch?v=Z0AZsSlFmeo	curation/transcripts/id-like-to-know/254-Z0AZsSlFmeo-A Special Resurrection During the Crucifixion？ ｜｜ I’d Like to Know.info.json	curation/transcripts/id-like-to-know/254-Z0AZsSlFmeo-A Special Resurrection During the Crucifixion？ ｜｜ I’d Like to Know.en-orig.vtt	ilk-004	004	A Special Resurrection During the Crucifixion?	curation/curated/id-like-to-know/items/ilk-004.md
255	LeheYJFlSaY	Is the Judgement Day Important? || I’d Like to Know	https://www.youtube.com/watch?v=LeheYJFlSaY	curation/transcripts/id-like-to-know/255-LeheYJFlSaY-Is the Judgement Day Important？ ｜｜ I’d Like to Know.info.json	curation/transcripts/id-like-to-know/255-LeheYJFlSaY-Is the Judgement Day Important？ ｜｜ I’d Like to Know.en-orig.vtt				
256	DCFRHGHintk	Can Women Wear Pants? || I’d Like to Know	https://www.youtube.com/watch?v=DCFRHGHintk	curation/transcripts/id-like-to-know/256-DCFRHGHintk-Can Women Wear Pants？ ｜｜ I’d Like to Know.info.json	curation/transcripts/id-like-to-know/256-DCFRHGHintk-Can Women Wear Pants？ ｜｜ I’d Like to Know.en-orig.vtt				
257	_lwfg3DenVk	Did Jesus Keep the Passover Day Literally? || I’d Like to Know	https://www.youtube.com/watch?v=_lwfg3DenVk	curation/transcripts/id-like-to-know/257-_lwfg3DenVk-Did Jesus Keep the Passover Day Literally？ ｜｜ I’d Like to Know.info.json	curation/transcripts/id-like-to-know/257-_lwfg3DenVk-Did Jesus Keep the Passover Day Literally？ ｜｜ I’d Like to Know.en-orig.vtt				
